date_id,ps_pred
7222,0.00012215045046673793
7223,0.0001282238815323353
7224,-0.0006341212580972737
7225,-0.00021188956417098666
7226,-0.0001903086914133718
7227,0.00020515711867453458
7228,0.0008401254544568392
7229,-0.00045877218629596333
7230,0.00032564147712743727
7231,-0.00046183183594501786
7232,-0.0005397455723555073
7233,-0.0003207026459286725
7234,-0.000021899705833677667
7235,-0.001126016839776139
7236,-0.0013623150428347932
7237,-0.001230941498569787
7238,0.0007176704356463284
7239,0.0004613874273753164
7240,-0.0005036208430333079
7241,-0.0005436348586545859
7242,0.000036572690809472466
7243,0.00022047878152122867
7244,0.0004359564201823061
7245,0.0004990965756278541
7246,0.0006777050271349894
7247,0.0009076593087026304
7248,0.0011303901608806872
7249,0.000994586476160447
7250,0.0009361638347929107
7251,0.002299270167070532
7252,0.002961135990038068
7253,0.0020457337630184662
7254,0.002635853854018287
7255,0.0015601325505186028
7256,0.002060781346588926
7257,0.0027326387714497356
7258,0.0022491922197043768
7259,0.0025732937279577166
7260,0.002675608062926191
7261,0.0037909834986779795
7262,0.0022035526928928717
7263,-0.0004895031428027041
7264,0.001626093971331526
7265,-0.002869740116531002
7266,-0.005299681342011779
7267,-0.00380253987808496
7268,-0.002040143736458369
7269,0.00018347003903109284
7270,0.001100524241576566
7271,0.0003710341391056898
7272,0.0006926717742716393
7273,0.0033246901652218804
7274,0.0027379750299760123
7275,0.001223153132138028
7276,-0.0004096872455556223
7277,-0.0016844304572366984
7278,-0.0008293014562419694
7279,0.0008270773030164179
7280,0.004035723611828381
7281,0.0011940195799686865
7282,-0.0017581099533074578
7283,-0.006713658856969881
7284,-0.002043736487740044
7285,-0.008133229204140034
7286,-0.0016099337452312175
7287,-0.002684274598282582
7288,0.0008186272807352322
7289,0.005577779057584682
7290,0.0024613542024683834
7291,0.0042087536112815896
7292,-0.00009924878345361036
7293,-0.0014223077027388457
7294,-0.0033272925481914965
7295,0.0007368038997903428
7296,0.007843155512865296
7297,0.014863139837587741
7298,0.0035608633116863716
7299,0.007197135194088608
7300,0.005347196281426005
7301,-0.000058351224378582226
7302,0.00031676311866058
7303,-0.0009599292602219712
7304,-0.0007888263677617048
7305,0.0007100419206309248
7306,0.000699363603443932
7307,0.0012798907114377842
7308,0.002645189243361338
7309,0.0009428472800843909
7310,-0.00042131074660355425
7311,-0.0003600764447884267
7312,-0.0006417037072718048
7313,-0.00020367024507969155
7314,0.00022410114855002633
7315,0.00017860255918677667
7316,-0.0013015472529733926
7317,-0.003039271026133529
7318,-0.0029899392772179236
7319,-0.004272752145195489
7320,-0.004345089761955844
7321,-0.005623097889122465
7322,-0.00030424837576515057
7323,-0.0009969897991034956
7324,0.0004287450494334696
7325,-0.0000948489407369196
7326,0.0008766415893573214
7327,-0.0003751442121056924
7328,0.00022337218488328306
7329,0.0007432039302931255
7330,-0.002629227765020883
7331,-0.0006066123791549816
7332,-0.00181609176214349
7333,-0.00047897842359181133
7334,-0.0005417191075714425
7335,-0.00010071937793843769
7336,-0.00044310913630525096
7337,-0.0016994194128167747
7338,-0.002039844652738831
7339,-0.0008702864818695728
7340,-0.0017536560636174526
7341,-0.0018591325847600614
7342,-0.0028676742291684565
7343,0.0011323576193961423
7344,-0.011404324626100262
7345,0.0006419514147401191
7346,0.0017093649134214423
7347,-0.002065596851958622
7348,-0.0005338561546666153
7349,-8.804649549445456e-6
7350,0.00023582336319713293
7351,-0.0009793441346846897
7352,-0.0015470707441753977
7353,-0.00018817775973760438
7354,0.0011685571295720334
7355,-0.0012811779061067576
7356,-0.0016059168443539936
7357,0.0003445637650093847
7358,0.0002639391477719307
7359,-0.0021121352198481655
7360,0.0002882168515788001
7361,-0.00020717881046343776
7362,0.00018549151049778996
7363,-0.000011911328431716937
7364,0.00015904361437582928
7365,0.0004738865231932077
7366,-0.000018919296456200185
7367,-0.000044231527324906584
7368,-0.0001497437712172529
7369,0.00008222625506238211
7370,0.00018497096807966538
7371,0.00019500698723458462
7372,0.00042029556142472973
7373,0.0004341711546936639
7374,0.0005067091387847568
7375,0.0003832243036760708
7376,0.0003960368705926751
7377,0.00025038209720740207
7378,0.00031520176743200925
7379,0.0001978802264949073
7380,0.00011822738946397158
7381,0.00020535309813104178
7382,0.00010164994624739355
7383,0.0001526591707771994
7384,0.00024971698849568546
7385,0.00019081475171335937
7386,0.00026155599354485474
7387,0.00029453380505587763
7388,0.0002376759112115361
7389,0.0002043841575830812
7390,0.00016931466349117712
7391,0.00018587910743129047
7392,0.00022536764402387256
7393,0.00016086408785194624
7394,0.00003722798321561584
7395,0.000012954031752827931
7396,0.000013700479043624207
7397,-0.0000776846298511999
7398,-0.00018226719340157439
7399,-0.00014207266099964015
7400,-0.00008480348037560993
7401,-0.000012913261049816261
7402,-0.00005420376684537607
7403,0.00008988894719868756
7404,0.00024376421852507541
7405,0.00015676268673123415
7406,-0.0003027088147631918
7407,-0.0003339217209943774
7408,0.00013665396864415372
7409,-0.00003559369243733823
7410,-0.0008989534281255355
7411,-0.0010145533249335788
7412,-0.0005162602303871878
7413,-0.0001430905934574459
7414,-0.0007018518663581282
7415,-0.0005981187332332962
7416,-0.000026220901376346152
7417,0.000015084656856946527
7418,-0.00017306464067081591
7419,-0.00037071513322781623
7420,-0.00015745979480011907
7421,-0.0001292899348723215
7422,-0.00003198359482948869
7423,0.00017535052075907703
7424,0.0002837497538544014
7425,0.000333794401796623
7426,0.00021289796252505367
7427,0.00011233530852244995
7428,-0.00002670168605434895
7429,6.623798267780647e-6
7430,0.00004161108538390326
7431,0.00012913935509825062
7432,0.0001657608152584285
7433,0.00022787220290005174
7434,0.0002687122528691816
7435,0.00016282131665061627
7436,0.00010589035119178077
7437,0.00004733401356958503
7438,0.0000605592006377666
7439,0.00010227988184868586
7440,0.00023707540583446806
7441,0.0001871045757781953
7442,-0.0009445166045195094
7443,-0.00010907815657477238
7444,-0.0014213122333146084
7445,-0.0008995180248216464
7446,-0.0010881083152217566
7447,0.0004657370846501729
7448,-0.0014358636856958771
7449,-0.002576547008082902
7450,-0.0019153845016435225
7451,-0.001288096608681469
7452,-0.0011756612359806106
7453,-0.0010835567314834585
7454,-0.0013820952240652074
7455,-0.0010565340151268744
7456,-0.0016520873430297355
7457,-0.001706019506139201
7458,-0.0014768040479146412
7459,-0.0004879122530498219
7460,0.0015361321962330328
7461,0.002094614696444553
7462,-0.0004195535431545331
7463,-0.00028745289544409707
7464,-0.00033058392353067177
7465,-0.0002208157281854416
7466,-0.00023153346367366375
7467,-0.00022545878420512724
7468,-0.00021838428330559948
7469,-0.0002415081569132837
7470,-0.00031599139938578926
7471,-0.00025467870973288123
7472,-0.0003545109184355669
7473,-0.000410077329142021
7474,-0.00027326023313649616
7475,-0.00025548861909434036
7476,-0.00035378355434818653
7477,-0.00034113995386731116
7478,-0.00019900948287971448
7479,-0.00018753351107348546
7480,-0.0001750393512399975
7481,-0.0001959485489789061
7482,
7483,
7484,
7485,
7486,
7487,
7488,
7489,
7490,
7491,
7492,
7493,
7494,
7495,
7496,
7497,
7498,
7499,
7500,
7501,
7502,-0.0007683456333445692
7503,-0.0009728517119379269
7504,-0.0010869438584404994
7505,-0.0012433395310530331
7506,-0.0012954392362645186
7507,-0.0010589326633856856
7508,-0.0005544234630008711
7509,-0.00023064510785485937
7510,0.0001256699597927106
7511,0.00045984227756171435
7512,0.0012718570533275105
7513,0.0006615666274416827
7514,0.00033264486596982845
7515,-0.0007284156779947816
7516,-0.00017046225739762103
7517,0.0003747560530697262
7518,0.00016625207948485485
7519,0.0007742327743374782
7520,0.0006267762709299843
7521,0.0005217929059722515
7522,-0.00037203425312038417
7523,0.000168492536849268
7524,0.0007468041378541436
7525,0.00069176218174438
7526,0.0017491613803502228
7527,0.0006457342210116958
7528,-0.0015506706656551834
7529,-0.00011070268263977198
7530,0.0013169167951151042
7531,0.0007508061764174214
7532,-0.0005562830581165418
7533,-0.0007252915173802548
7534,-0.00004382227917771556
7535,0.00037895356746708473
7536,-0.00026575624973964066
7537,-0.000888412377764531
7538,-0.00010190969438276886
7539,0.0004220971254076439
7540,-0.0002193193702052898
7541,0.0004737862568331219
7542,-0.001138377349080902
7543,-0.0006336271213515927
7544,-0.00008355005762721978
7545,-0.0005889399815082778
7546,-0.000937223577811676
7547,0.0002882610092503412
7548,0.00021556878106519448
7549,0.00008741912482290758
7550,9.627503984149235e-7
7551,0.0007872987416927689
7552,0.0001569719203064568
7553,-0.00006209644842217524
7554,-0.00046579054619401514
7555,-0.0016355347652981722
7556,-0.0007968192795300161
7557,0.0002306949866573728
7558,-0.0002583926809791538
7559,-0.0010561984116355479
7560,0.0005119171289638042
7561,-0.0005897133898897333
7562,0.0005171316882749369
7563,0.00029997827916814
7564,0.00004401405708498365
7565,0.0007156533106443661
7566,0.00013014522762776963
7567,0.0007078097106208383
7568,0.00008313003261288337
7569,-0.0009754999799009186
7570,-0.0009311127972543006
7571,0.0005510815947679085
7572,0.00029880464717360275
7573,0.0003414358585370344
7574,0.0006405217529068907
7575,0.001757515227703732
7576,-0.0008427358901112595
7577,0.00032157640017879316
7578,-0.00006188670830913024
7579,0.002086629510719466
7580,-0.000967134169206694
7581,-0.0006694242311598869
7582,0.0009012553508474686
7583,-0.0005630753047171966
7584,0.0002952760193005915
7585,-0.0009031760895654316
7586,-0.0016354244064877826
7587,-0.0002560545772790104
7588,-0.00023229875402707247
7589,0.00025073283222172213
7590,-0.00017818436927409054
7591,-0.0008942813379683842
7592,0.0060221890521273466
7593,0.00045370056506313276
7594,0.0011294369602311172
7595,0.0013235623476518094
7596,0.0010253368298331759
7597,0.004653434844629046
7598,0.005143728821872452
7599,0.0025975599109519026
7600,0.057068605995543434
7601,0.7844000015241295
7602,0.007791116042352191
7603,0.007640687783876864
7604,0.03578589778918675
7605,0.005168373631337437
7606,-0.0670413845808801
7607,-0.020613898001377702
7608,0.0028037231994129603
7609,-0.000990683137312879
7610,0.002558276742910133
7611,0.002368598438695019
7612,0.0016434423153149648
7613,-0.0006444372734654943
7614,-0.00249914381192961
7615,-0.002827466201944107
7616,0.0007493871397711857
7617,0.003575859463447255
7618,0.004064417476927151
7619,0.006095243730495134
7620,0.005258338612023293
7621,0.0036419627706635576
7622,-0.003693430146983412
7623,-0.0005073077896817306
7624,-0.003290125763010343
7625,-0.00008553558820140626
7626,-0.0013282235686846472
7627,0.0015340232474252168
7628,0.002931857029966864
7629,0.0012965130032677567
7630,0.0032436703723434253
7631,0.0019451313317654366
7632,0.0012245746047565103
7633,0.002858997367552066
7634,0.003111934179869362
7635,0.0013691785615468363
7636,0.0026109835868987374
7637,0.0020825687637655256
7638,0.0024837492715560627
7639,0.0028904820695484163
7640,0.002252763905675886
7641,0.003025200675866961
7642,0.0009351281575398518
7643,0.0006576654906902568
7644,-0.0002806732298284053
7645,-0.00018563576327849387
7646,0.0003493802545533967
7647,-0.00044062409066673587
7648,0.00034760635313011475
7649,0.00007351865116703728
7650,0.00011277758168745278
7651,-0.0009184497680756317
7652,-0.00028165025221092016
7653,-0.0015673320137144105
7654,-0.0018912685060227673
7655,-0.0015552252550487245
7656,-0.0019151631533365315
7657,-0.0013382975482079409
7658,-0.00210019109438239
7659,-0.0021310799023435646
7660,-0.0023117261741728325
7661,-0.002733678498695437
7662,-0.002818252951047919
7663,-0.0019312949689171475
7664,-0.0027679095714074065
7665,-0.002751233050262019
7666,-0.0036897921296357547
7667,-0.00338144071231554
7668,-0.0019441208564802603
7669,-0.0021704321612657984
7670,-0.0018173628638344021
7671,-0.003773907973066523
7672,-0.002473847099310653
7673,-0.002655576725624182
7674,-0.0015366294529182414
7675,-0.0028106551662231286
7676,-0.0014494193267248115
7677,-0.0013696437812000066
7678,-0.0015779235747278605
7679,-0.0004990502031984808
7680,-0.0015833149862347741
7681,-0.0006219118868092126
7682,-0.0013244188214528846
7683,-0.0003106642812076831
7684,-0.00022936730785202964
7685,0.0014295957156537482
7686,6.227995546484097e-6
7687,0.0007871736040332752
7688,-0.0029670284494702423
7689,-0.0026949144059156024
7690,-0.0005810870190854757
7691,-0.0024661511448900554
7692,-0.0014204123800278744
7693,0.0009608714628393342
7694,-0.0011368759993213694
7695,-0.0012364568162250935
7696,-0.0023272111648868278
7697,-0.001978063383626951
7698,-0.0027828539550708597
7699,-0.00031151743933281674
7700,-0.0002026123217626298
7701,0.0010293936223053338
7702,0.0006548281952692081
7703,-0.0028880417950624786
7704,-0.0024366331344378295
7705,-0.002595918119687914
7706,-0.0005226340692991823
7707,-0.00030776370550488494
7708,-0.0027816524418672107
7709,-0.003338856619314874
7710,-0.0024607967635024855
7711,0.00023239966575437795
7712,-0.002230853011456173
7713,-0.0013785283378129436
7714,-0.002918052124994165
7715,-0.002938017587290285
7716,-0.0009678693352375635
7717,0.0008783461543639378
7718,-0.0007433778956650249
7719,-0.0008422463617909086
7720,-0.000675704962605782
7721,0.0006303299881853144
7722,0.002597944965833972
7723,0.0017220157959017823
7724,0.0016354168768070807
7725,-0.0022142448604132543
7726,-0.001216218158985587
7727,-0.0006709403135359317
7728,-0.0010576318423183664
7729,0.00043982036779615145
7730,0.0013497426190525322
7731,0.000775999255012554
7732,0.0002714313694707379
7733,0.0009245682802985315
7734,0.0008216991427949061
7735,-0.000884163563909176
7736,0.0004947639113344712
7737,0.001045064913936098
7738,0.000385012959184205
7739,0.0011599041903578937
7740,0.0012321171358719637
7741,0.0023411456260012987
7742,0.001486936133509236
7743,-0.0007547338174794707
7744,0.002137404122240112
7745,0.002241646784029388
7746,0.0014422687597598163
7747,0.0009244219346685022
7748,5.99326336756011e-7
7749,0.0021031788146412237
7750,-0.0017406660986066154
7751,0.0025027599266756076
7752,0.0006159446398192462
7753,0.0011480389369869295
7754,0.002963723221728463
7755,0.002658877118729477
7756,0.00246383152754525
7757,0.0019474251110719748
7758,0.002729581788851236
7759,0.0012247923893253982
7760,0.0023007222399086444
7761,-0.0005388924778372498
7762,0.001667673490954182
7763,0.001977545876494234
7764,-0.0005239011937975664
7765,-0.0014030748910633336
7766,-0.0030554028701326274
7767,-0.0020891423443008864
7768,-0.005736039357189603
7769,-0.001928225292365122
7770,-0.00023519529832183252
7771,0.002903879571783838
7772,0.0007020758010933827
7773,0.0019125726221467351
7774,0.0012242164282563668
7775,-0.00088390004336239
7776,-0.0004978850014533886
7777,-0.0017239275958171368
7778,0.00013383574612811297
7779,0.0010166629039517743
7780,0.0031409386718034994
7781,0.0011746099388493711
7782,0.006154356258884847
7783,0.0024006130754031275
7784,0.0015709319745698474
7785,0.0006503449575127596
7786,-0.0012642436712224149
7787,0.0007316067562214566
7788,0.0016552561770240993
7789,-0.0005983158901586032
7790,0.0019570469325696257
7791,0.0005339290650462194
7792,-0.00006643222651685557
7793,-0.00027408889299029957
7794,-0.0029303910421898736
7795,-0.0013907283407254868
7796,-0.00009117853077214664
7797,-0.00016208283266687775
7798,-0.00029569932293360365
7799,-0.0008114622289484967
7800,-0.00016732863191769006
7801,0.00027483896025356244
7802,0.0006056531097590524
7803,0.00012780099711090964
7804,-0.0005164253935193025
7805,0.0004472998524763707
7806,0.0032949522512620635
7807,0.0031017629743177325
7808,0.005099539042036015
7809,0.003960973996561714
7810,0.002780729482211789
7811,-0.001472523704091121
7812,-0.002186620067404217
7813,-0.0030702361981886825
7814,-0.0031641188330622707
7815,-0.0023229014785366266
7816,-0.000993578611001174
7817,0.0015087670349984148
7818,-0.00002385085113472494
7819,-0.0011047439294696382
7820,-0.0004644685187990792
7821,0.0007145745042167987
7822,0.0009518024707467383
7823,-0.0002644664085724737
7824,0.0003278259471416168
7825,0.0007961039030348392
7826,0.0023755053810258697
7827,0.0015011725003118664
7828,0.0016196616884894658
7829,0.0007508526064628944
7830,0.0005304760539671898
7831,-0.0006936226330459328
7832,-0.0012699526543221598
7833,0.00007268984559016703
7834,-0.0006393476374715709
7835,0.0007574881653357288
7836,0.0012350776067946456
7837,0.000890057781545929
7838,0.0006921901620351579
7839,-0.0002982032319378907
7840,0.00019952469768749845
7841,0.0008116760243054029
7842,0.0007568194112587304
7843,0.0005678751105333301
7844,0.00045344271580157434
7845,0.0007524093126708821
7846,0.0009687945494941809
7847,0.0008560020157190719
7848,0.0015469782235264396
7849,0.0019976221987410446
7850,0.0014966649686020729
7851,0.0017774317135779653
7852,0.0018896246089179663
7853,0.002050394259158632
7854,0.0011501062696499882
7855,0.0013711713884337546
7856,0.0004483513800526452
7857,0.0005801963080771465
7858,0.0004883295828020718
7859,0.0010719881684286144
7860,0.0014750219117160971
7861,0.0014944623162415301
7862,-0.0013781331500919269
7863,0.0034932975420203906
7864,0.0014678160847033115
7865,-0.0010477927267485204
7866,0.0022462619253808287
7867,0.003354435895825121
7868,0.000798676088796245
7869,0.00030597139042380867
7870,0.0032759934481822444
7871,0.0015481058254242948
7872,0.0019931033691320747
7873,0.0009660925800870235
7874,0.001555026652324769
7875,0.0018344746426362996
7876,0.0010736947155922374
7877,0.0007375794629127901
7878,0.0005301563171429108
7879,0.0001037539727799866
7880,-0.0008823356699315475
7881,0.0001897765129233813
7882,
7883,
7884,
7885,
7886,
7887,
7888,
7889,
7890,
7891,
7892,
7893,
7894,
7895,
7896,
7897,
7898,
7899,
7900,
7901,
7902,0.0034729168693418844
7903,0.0027553139937223285
7904,0.003159818181058589
7905,0.004210869874753041
7906,0.0036911392676571985
7907,0.002828068682563661
7908,0.002175148321726611
7909,0.0019616634123294212
7910,0.0022945514648334605
7911,0.0023514968492045416
7912,0.002072038112107462
7913,0.0017908204492467013
7914,0.002206000734830286
7915,0.002263133912730708
7916,0.002662338282484672
7917,0.001936075924794417
7918,0.0019178560265832763
7919,0.0016986728152956238
7920,0.002504283477590757
7921,0.0024838768692752493
7922,
7923,
7924,
7925,
7926,
7927,
7928,
7929,
7930,
7931,
7932,
7933,
7934,
7935,
7936,
7937,
7938,
7939,
7940,
7941,
7942,0.0012370926660603449
7943,0.0023961316928779912
7944,0.0010835720838754154
7945,0.0018913637113944278
7946,0.00253549451196277
7947,0.0026186657086077684
7948,0.0014714824693621766
7949,0.0016364028317733862
7950,0.0017963347391885744
7951,0.00234697748103814
7952,0.0018208502220811633
7953,0.00030228829112434203
7954,0.002046861642593315
7955,0.0014681506647567948
7956,0.0016717686579137338
7957,0.0031512950174435355
7958,0.003593303940310679
7959,0.0013855836242173993
7960,-0.0010853209774956702
7961,0.00020143586198807448
7962,0.0010509469950440804
7963,0.0009565434978228549
7964,0.0008467213041952708
7965,0.000889197899172987
7966,0.0009582508035096291
7967,0.0009541142219703218
7968,0.001392821358637126
7969,0.0014834745507230412
7970,0.0009227985482961946
7971,0.00047991942450847973
7972,0.0004648018012620965
7973,0.0008207413486773111
7974,0.0008117399749173272
7975,0.0012289583060590091
7976,0.0003377442374191783
7977,0.0007052334740769705
7978,0.0009347384776784325
7979,0.0008343605767533303
7980,0.0006839307426231127
7981,0.0008333062378784635
7982,0.0007164920565630667
7983,0.0008119860706135937
7984,0.0010029433418078425
7985,0.0010116963158482454
7986,0.0014899565323815102
7987,0.002601626047735302
7988,0.0025560071457020658
7989,0.0025609294813728383
7990,0.0032928351671986165
7991,0.004012310451431703
7992,0.005219878120758828
7993,0.005099475094057073
7994,0.00505418324452164
7995,0.00498182132702581
7996,0.005727677008053933
7997,0.005008490901750306
7998,0.0031378683451512893
7999,0.005092104832658225
8000,0.0047345432548615675
8001,0.006410562310887117
8002,0.004902075401152362
8003,0.0038935903295308927
8004,0.0028054844254647047
8005,0.0020605740875722176
8006,0.002968149661801201
8007,0.0034530693777267956
8008,0.003894993866300699
8009,0.002340933704698063
8010,0.00021852793298795343
8011,0.0004407451385973456
8012,-0.0008657089114112986
8013,0.000146526474280454
8014,-0.0005770787982719012
8015,-0.00003816550629834499
8016,0.00013619805892270626
8017,0.0003400414839582755
8018,0.0007236223090022489
8019,0.0004492892791905195
8020,0.00011648392005913621
8021,0.0009469069227560417
8022,-0.000694627044657635
8023,0.00012406170349911093
8024,-0.0004371449724074757
8025,-0.0001353522793571785
8026,-0.000012740693984612632
8027,0.0009930320077759522
8028,0.006238682038596498
8029,0.0018680320834065182
8030,-0.0000908803554524381
8031,0.0009663879676918177
8032,0.0020959507577889163
8033,0.000926555820909899
8034,-0.000886124831908754
8035,-0.0005908626819681093
8036,0.0009611212871596026
8037,-0.00032104514777146027
8038,0.0025820420094309522
8039,0.0024746995485030072
8040,0.0006234080670527234
8041,0.0017800204675148647
8042,0.0017519786743019534
8043,-0.000350665398183356
8044,0.0013786738539533145
8045,-0.0003011346790623195
8046,-0.0010371384341586235
8047,0.0005860419191663489
8048,0.0012759339012274212
8049,0.0006902101539401159
8050,0.0014917688584917474
8051,0.0013693175412179829
8052,-0.00038967568689996695
8053,0.0014245404185143388
8054,0.0015928461413702696
8055,0.0015931945994494996
8056,-0.0006610977363359473
8057,-0.000042931656382363026
8058,0.00037529203570551867
8059,-0.00008417550619892189
8060,0.0009378487388466007
8061,0.0007538029437123137
8062,0.0013467728941600502
8063,0.0008802396512747642
8064,0.000836226991303344
8065,0.00047909757954727833
8066,0.000730352887248067
8067,0.001281763283020629
8068,0.0006086208197311746
8069,0.0006914296050202431
8070,0.0005822856324461978
8071,0.002434777238298954
8072,0.0014255019705578698
8073,0.0006236725512870496
8074,0.00102085109906044
8075,0.0010502787364734282
8076,0.0007663639681721652
8077,0.0009639884577523482
8078,0.001067834629577645
8079,0.0005486811417982076
8080,-0.00014905510270858842
8081,-0.00015035816550659114
8082,0.0031573611939474857
8083,0.003645422599657492
8084,0.0037313616151289724
8085,0.004216624600676941
8086,-0.0009099695312653139
8087,0.002835880579484703
8088,0.002106496249288541
8089,0.0029945222728666606
8090,0.004068551509723215
8091,0.0012589003724370654
8092,0.0012158131738431075
8093,0.0005180617957288025
8094,0.0027014996068109526
8095,0.0008902101341311918
8096,-0.0018756361954243316
8097,-0.000060276096780594013
8098,-0.0003473649155999645
8099,-0.0021993343955305986
8100,0.0029967809789037277
8101,0.003456031283512689
8102,0.0025324136056251215
8103,0.0029559854993288044
8104,0.0012263680752568167
8105,0.0023726903759184333
8106,0.0018547211083888848
8107,0.0024830697347073107
8108,0.0012748449901021745
8109,0.0006023036283583463
8110,0.0009223415816262696
8111,0.0010386863387972984
8112,0.0007880857475011222
8113,0.00010571500496181149
8114,0.00014608137296627226
8115,0.0009704487232471322
8116,0.001352541863914316
8117,0.0011148700329209264
8118,0.0008811364290348566
8119,-0.00005283205271834396
8120,0.0009127632695458771
8121,0.0007218716411312459
8122,0.00004261460726848838
8123,0.0008957766726279292
8124,-0.0005624183718266004
8125,-0.0018749258220928898
8126,-0.0009536848195742757
8127,-0.0005273130932998343
8128,-0.002191579405811582
8129,-0.002885897468457953
8130,-0.0023156109071703524
8131,-0.0012907518367180444
8132,-0.0019625938054658354
8133,-0.0020988604611128538
8134,0.0020361792674501097
8135,-0.001095592515778977
8136,0.0008831633082901731
8137,0.002698353358574649
8138,0.0014648540655559676
8139,0.00006069910981874551
8140,-0.0019062584479372078
8141,0.0019045555910411037
8142,-0.005512813817553517
8143,-0.0010444375970384348
8144,-0.006778558875207657
8145,0.0074456377636532255
8146,0.002140337310126167
8147,0.004118092075682514
8148,-0.00505336319696269
8149,0.0017544123661740606
8150,0.008749229679557595
8151,0.033443811249558836
8152,-0.0024463174348732463
8153,0.030274169890419034
8154,-0.02985502610916887
8155,0.07196928171421942
8156,0.003825726336861438
8157,-0.005063362185058438
8158,0.018125335074285737
8159,0.01138832964607557
8160,-0.017006559958619667
8161,-0.002177771455108805
8162,0.0024070164309926293
8163,0.0019754102835184634
8164,0.0025303506628325477
8165,0.003361898597784243
8166,0.004722072778590017
8167,0.003385229385677011
8168,0.0007947038639287361
8169,0.0022099466765196
8170,0.000979901896480166
8171,0.0013141272693371383
8172,0.0020519069229905512
8173,0.0029471761132003832
8174,0.0003826168669950152
8175,-0.0002922166681466333
8176,-0.003224323744030192
8177,-0.004377025999151116
8178,-0.0033858256680166267
8179,-0.004579505446886997
8180,-0.003848134555458462
8181,-0.00344689717791693
8182,-0.00021093195296490076
8183,-0.00026558206307665126
8184,0.00034662063037091135
8185,0.00015155574492113025
8186,-0.0001344954789073245
8187,-0.0003317310685056235
8188,-0.00045333527773261807
8189,-0.000548421844639957
8190,-0.0006021979562737217
8191,-0.0005123321089749709
8192,-0.0004883976394452734
8193,-0.00020429276601465022
8194,-0.0005491749540239618
8195,-0.000612297008144724
8196,-0.000603154937266221
8197,-0.0006224643623875428
8198,-0.0005277748899047421
8199,-0.0006863106345635704
8200,-0.0004167749961779447
8201,-0.0003261185613234734
8202,-0.00780786148331577
8203,-0.00812851949468288
8204,-0.009587757002927447
8205,-0.006238467354150196
8206,0.007038438025491072
8207,-0.0004185878731475392
8208,-0.0023142000016280907
8209,0.0034336311070824717
8210,0.0023954600668226146
8211,0.0044092436428040775
8212,0.003789910404793697
8213,0.002543646050141394
8214,0.00024124582196718676
8215,0.001293926407291964
8216,-0.004171008881031996
8217,-0.0037274359597825723
8218,-0.0040197241652201905
8219,-0.007961644406483821
8220,-0.005545340952496728
8221,-0.003722356082028759
8222,-0.0006300718245520147
8223,0.0006706353326738269
8224,-0.00005011021998671322
8225,-0.004659181434291384
8226,-0.005798045827706
8227,-0.0029732774959189646
8228,-0.0071599372425835105
8229,-0.003928884865758172
8230,-0.0008549687282459906
8231,-0.0017925291732165086
8232,0.0026497565939025153
8233,0.003478134723996894
8234,0.0003420674524928775
8235,-0.0018396822483991108
8236,-0.0038938168783629887
8237,-0.006454008421900897
8238,-0.0022776963385892977
8239,-0.0016237633525617704
8240,0.001413977765715228
8241,0.0036432499363937398
8242,0.0004056648596223627
8243,0.0015295115123793326
8244,0.002329140196154467
8245,0.0019552008205324933
8246,0.002518156958499467
8247,0.0030037524298759154
8248,0.0027812490183625575
8249,0.003099422170022115
8250,0.012884855236555602
8251,0.0030319548690651774
8252,0.0016752331696389742
8253,0.0014453720684657098
8254,0.0022631529804059995
8255,0.001211766739974052
8256,0.0018745075881013327
8257,0.0013807669804811952
8258,0.001731269417970957
8259,0.0009376085226660564
8260,-0.000012634796922721039
8261,0.0006866121447369666
8262,-0.0007376590427261351
8263,-0.00024560583456052505
8264,0.00012425449107603516
8265,0.00008624248127465711
8266,-0.001124161686426262
8267,-0.001379474890684504
8268,-0.0017413000243835426
8269,-0.0010341928100418777
8270,-0.0006980706557796424
8271,-0.0015774667902442151
8272,-0.0005853460672398498
8273,-0.00044253328011185575
8274,0.000011464175027717238
8275,-0.00019159194101329622
8276,-0.0004575796732004744
8277,-0.0006072160292507406
8278,-0.00044387356241439133
8279,0.00019117988323861103
8280,-0.0011850472032205145
8281,-0.0013501437110944084
8282,-0.0035252265812398564
8283,-0.003343778643832885
8284,-0.001454369791096993
8285,-0.0011575837983671595
8286,-0.00001566684018575312
8287,0.000932463953965945
8288,-0.003260363244867416
8289,-0.0033909387598628693
8290,0.0030755993560588587
8291,-0.005552941666335297
8292,-0.002365032088493157
8293,-0.004424606388797762
8294,-0.004818953612196059
8295,-0.0047849015497347346
8296,-0.006180185422383303
8297,-0.006043874442827952
8298,-0.005449479265154372
8299,-0.003837259150093493
8300,-0.004131621409906519
8301,-0.005232001239942942
8302,-0.0032120704579532504
8303,-0.003280467448330327
8304,-0.0030355057563127286
8305,-0.003251605648362029
8306,-0.0036037602826514796
8307,-0.004021239884065457
8308,-0.004575553562202859
8309,-0.0033502853897956334
8310,-0.00462653511945194
8311,-0.005198875407827835
8312,-0.0037753648826515896
8313,0.00011489628693384882
8314,-0.003188300211568867
8315,-0.0035204907765372393
8316,-0.005188640318867945
8317,-0.005119013277074903
8318,-0.006664426516482652
8319,-0.006178365190325544
8320,-0.0053587633494491145
8321,-0.006698629830767313
8322,-0.0013897653804987187
8323,0.03763654791271916
8324,-0.017264567205555127
8325,-0.011666901993098222
8326,-0.0027479631330415946
8327,-0.00005931288319189392
8328,0.0010169598765702218
8329,0.004313782763809816
8330,-0.0046220917834098605
8331,-0.006513155663922925
8332,-0.004730986016884287
8333,0.0033421266753727048
8334,-0.036016245301088254
8335,-0.010906281272196958
8336,-0.0029064028931341974
8337,-0.002319919370123393
8338,-0.003274283769230652
8339,-0.053710160448849104
8340,-0.0025552665159341657
8341,-0.00039083573578866694
8342,-0.002375938674274888
8343,-0.0027349998338067213
8344,-0.0022487553834187606
8345,-0.002144163405684989
8346,-0.002063504630269657
8347,-0.002703824983713592
8348,-0.002447397387972855
8349,-0.002609853413265185
8350,-0.0025508428657751254
8351,-0.0020524438799212853
8352,-0.0023677958658266736
8353,-0.0021865151049401295
8354,-0.002266479537301627
8355,-0.002613360746615463
8356,-0.0026469821548919625
8357,-0.00260256322683576
8358,-0.0021611283973993946
8359,-0.0023012356104922167
8360,-0.001551514048189889
8361,-0.0008749719707415991
8362,-0.0003025205823870688
8363,-0.0003173158226958163
8364,0.000035212046328625683
8365,5.201445667689093e-6
8366,-0.00002296759814631984
8367,-0.00040008063542480536
8368,-0.00041519799217928466
8369,-0.00032858265113187813
8370,-0.0005387736576963386
8371,-0.0006215795013036892
8372,-0.00043454372826282295
8373,-0.00047359092223552143
8374,-0.0006288356385120955
8375,-0.0008245393690660018
8376,-0.0010624025716183382
8377,-0.001275602995962546
8378,-0.0011268907590269949
8379,-0.0010788038756646345
8380,-0.0013253406830320946
8381,-0.001194420064198738
8382,-0.0009112118319426847
8383,-0.0001043682196491027
8384,-0.0018696402992831426
8385,-0.0028388474120640103
8386,-0.003259622069621185
8387,-0.002342048581065984
8388,-0.0014129550199012686
8389,0.0011031885557783844
8390,0.0020620465536346382
8391,0.0008234300404486268
8392,0.00015673229185767358
8393,-0.00043568491239710024
8394,-0.003752210235834826
8395,-0.0029709342961867034
8396,-0.002265089920295897
8397,-0.003744653747401663
8398,-0.0003101580218138997
8399,-0.0018497767423460167
8400,-0.0015514932501465436
8401,-0.00047480913340582705
8402,-0.0004280748099970996
8403,-0.0003977978690875877
8404,-0.0004185774495102511
8405,-0.00020437318293202772
8406,-0.00037283750649897004
8407,0.000024568118851924138
8408,-0.0005404729685215992
8409,-0.0012411571834822195
8410,-0.0007783174257937099
8411,-0.00012783834177928073
8412,-0.00044195481326412075
8413,0.00026549675083337783
8414,0.00034588709323604797
8415,-0.000750026327990042
8416,-0.0010511171461159226
8417,-0.0003325280400330365
8418,-0.00013868435629346712
8419,-0.0010285933758007165
8420,-0.0012780134793723853
8421,-0.00047642205327787804
8422,-0.0028045593623488956
8423,-0.002828104961487879
8424,-0.0026932924659091107
8425,-0.0020772438699166273
8426,-0.0018041157240301475
8427,-0.002655428439416207
8428,-0.0012605186152089306
8429,-0.0019286356963770196
8430,-0.0025107172674534526
8431,-0.0017289123718363453
8432,-0.0018955734512396969
8433,-0.0018297903560627827
8434,-0.002072604551116267
8435,-0.001754261979389965
8436,-0.001881107351882523
8437,-0.0009457447172564231
8438,-0.002861155653683457
8439,-0.0011058853460322838
8440,-0.0017740644073288062
8441,-0.002128199575467711
8442,
8443,
8444,
8445,
8446,
8447,
8448,
8449,
8450,
8451,
8452,
8453,
8454,
8455,
8456,
8457,
8458,
8459,
8460,
8461,
8462,-0.0013221248443020307
8463,-0.0016826840173583286
8464,-0.001653851690786141
8465,-0.0011672650045427176
8466,-0.0007545193707498667
8467,-0.0007747239922162545
8468,-0.0009515587630679956
8469,-0.0006657112265367013
8470,-0.00036255801052154297
8471,-0.00011001403711267748
8472,0.00012253678864623948
8473,0.00014834021349633845
8474,0.00028421305025311727
8475,0.00033370854640410653
8476,0.0007097479283344621
8477,0.00029543187745461794
8478,-0.000021587246662280873
8479,-0.00039346347612888137
8480,-0.0004954564171413125
8481,-0.0005185637841887128
8482,-0.002447020721964988
8483,0.00033396336915782605
8484,0.00032880025844428054
8485,0.00020591554449743313
8486,-0.0011047840001064614
8487,0.0017163183424845551
8488,0.005575430257961379
8489,0.0025115928139909337
8490,0.002364729947827324
8491,0.002844165677557755
8492,0.0019342672066462987
8493,0.0019229769405215557
8494,0.0029829843076170865
8495,0.005406321227249195
8496,0.005775464045233933
8497,0.0034101595703187135
8498,0.004187618280930948
8499,0.0006112093518716039
8500,-0.001126235857602108
8501,-0.0021495741764742523
8502,0.0026796641428322417
8503,0.0033128299038215265
8504,0.0032336431883503002
8505,0.0031779438347773166
8506,0.0013248437566427285
8507,0.0017198106777124365
8508,0.0027491527603480427
8509,0.0019124474106046582
8510,0.0026438818322047416
8511,0.0031659749256064606
8512,0.0016787073945190817
8513,0.0022098433766265194
8514,0.003307410476727275
8515,0.003432253028315328
8516,0.0015598214753245593
8517,0.0024635013807124614
8518,0.002108381575035827
8519,0.0032167638611618333
8520,0.00263440487154035
8521,0.0029440590830445866
8522,-0.001212197493199678
8523,-0.001359340170119238
8524,0.00042250700579961586
8525,0.0037869936415761904
8526,0.002096186939520602
8527,0.004820157889099426
8528,0.0051684746021290655
8529,0.0028927551376609507
8530,0.00262384274039928
8531,0.004927775531338901
8532,0.0038628040704469387
8533,0.0037169082736893126
8534,-0.0015276185740900395
8535,-0.0013780407242791066
8536,-0.0036521164387059587
8537,-0.0010841450385323992
8538,-0.003870360691377262
8539,-0.0018674264049165301
8540,-0.0025556807864434293
8541,-0.0033219967077533687
8542,0.000885863968812085
8543,0.0004051730436515304
8544,0.0018778173087523199
8545,0.0009258178438298964
8546,-0.00187889527003862
8547,-0.0034660125772615537
8548,-0.0031951960527225446
8549,-0.003969326093051218
8550,-0.0015556270294692829
8551,0.0006372499811871418
8552,0.0003505533382654313
8553,0.00106649124972656
8554,0.0005906443896234566
8555,0.0008742961327071209
8556,-0.00037177290637959847
8557,-0.0002954286509167532
8558,-0.00015675584921008193
8559,-0.00030364016650350357
8560,-0.0014950032931565949
8561,-0.0014355872685476853
8562,-0.0027917766178596768
8563,-0.002710780560049511
8564,-0.0020929681488065124
8565,-0.0021958130843957938
8566,-0.0018335880212146803
8567,-0.0008352663931615518
8568,-0.00020620752565641393
8569,0.00011962473802179985
8570,0.00047262201020608545
8571,0.00006231107041424302
8572,0.00010888731088094035
8573,0.0009578540852127587
8574,0.0007013236840918134
8575,0.0010595698035181038
8576,0.0007484452930614958
8577,0.0007487531977631005
8578,0.0005433541878152768
8579,0.0009574227065275317
8580,0.0006321265728524507
8581,0.0006268122042400907
8582,0.0019025785767383988
8583,0.001166752428347626
8584,0.0014487017817340297
8585,-0.00014084847774118185
8586,-0.000355671959307381
8587,0.0004020812872956085
8588,-0.000870727664781345
8589,-0.0024471376381078394
8590,-0.004103709403873642
8591,0.0011861453477738462
8592,-0.0011315558236601544
8593,-0.0022060508570458273
8594,0.002105991713768225
8595,0.0031994442339241583
8596,0.0016223977793116196
8597,0.0027944051038494453
8598,0.0030239629584233284
8599,0.0019539309681698256
8600,0.0006866129594446976
8601,0.0017286866303704593
8602,0.0020330550369155823
8603,-0.0006982692977561742
8604,0.0007781157116207774
8605,0.004276811428528674
8606,0.0016698954502959006
8607,0.00010980860125116
8608,0.0006371141003820719
8609,-0.00013949670299434006
8610,-0.00045074701997609775
8611,0.000233497974093193
8612,-0.002865850053976632
8613,-0.0005800225103351062
8614,0.0020356319429235665
8615,0.0003596045221229163
8616,-0.0015094125822170384
8617,-0.0014075160195545782
8618,0.0021971204785231476
8619,0.002650194359884104
8620,-0.00011262272256155274
8621,0.00030131798525965094
8622,0.0012461094532618244
8623,0.0008949436417659898
8624,0.0005029902782996269
8625,0.0007590568586537743
8626,0.0012271986069342755
8627,0.000571420839097667
8628,0.000783656446764673
8629,0.000872713866902228
8630,0.001587808452840856
8631,0.0008141446822988432
8632,0.00019975163799642074
8633,0.0005616094691040968
8634,0.0009481541729016877
8635,0.0011866262007232324
8636,0.001255270737053137
8637,0.001384368493013843
8638,0.0009144847292615243
8639,0.001332864133297382
8640,0.001445207855780127
8641,0.0020649134158004434
8642,0.0019866523970375914
8643,0.002288508660874713
8644,0.0008631387105940667
8645,-0.0012092489718515357
8646,-0.0007741274764576348
8647,0.0011483356831980694
8648,0.0004777652533431763
8649,0.0002792095577283398
8650,0.0019664423605200952
8651,0.00024959541411073276
8652,-0.0018803758870247719
8653,0.0009260872799979994
8654,0.00013003364363686602
8655,-0.0015044013889303296
8656,-0.0037781349085883563
8657,0.00024602422816609
8658,0.0004956150925234855
8659,-0.0011812829800572325
8660,-0.0010514368971957597
8661,0.0007814108692475435
8662,0.0016365456653897152
8663,-0.0007364111234217296
8664,-0.000019237432668667352
8665,0.0007193740254485672
8666,0.0002535493593508415
8667,0.00005659483069179994
8668,0.0030313071642459554
8669,0.0023224071560123596
8670,0.0014049046183905467
8671,0.0003641143867154285
8672,0.0019444948452023631
8673,0.002882501677015031
8674,0.003970820706192707
8675,0.0034316616275081075
8676,0.0036787985737678696
8677,0.003007568831190093
8678,0.001508761833040979
8679,-0.0005781341905225109
8680,-0.0024742316620085334
8681,-0.0008165263200598824
8682,0.0003918063977276379
8683,0.0004278664008110966
8684,0.0004473795492427801
8685,0.0004159877696255077
8686,0.000470368577353285
8687,0.0004939430504509801
8688,0.00045449044449656905
8689,0.000438812987804408
8690,0.00042859439158096874
8691,0.0003899652835710803
8692,0.0003960847951791876
8693,0.00044635762732164963
8694,0.0005140723488496946
8695,0.0005477104999559927
8696,0.0005897798251639162
8697,0.0004767007883698365
8698,0.00047716189976348473
8699,0.0004472130564860948
8700,0.0004812499568597379
8701,0.0003875036073240239
8702,0.0003140108202785331
8703,0.0005744788414318095
8704,0.0005331997720310402
8705,0.0004712367181107474
8706,0.0010212695943363354
8707,0.00018984039934475774
8708,-0.000052187445231457585
8709,0.0002974346373884553
8710,0.000538791987563056
8711,-0.00012139394179310853
8712,0.0006226552035209415
8713,0.0020300369192421007
8714,0.0010479466514930033
8715,-0.0041529140433250985
8716,-0.00040004207880058496
8717,0.001270284633141005
8718,0.002230740009704463
8719,0.00004436042444139589
8720,0.0018719367000596086
8721,0.0017599313923734343
8722,0.0008691816365034601
8723,-0.0006837415122245537
8724,-0.0009726610976956395
8725,-0.001572982512915567
8726,-0.00016401000532953057
8727,-0.00020801167189233053
8728,-0.002873926861727833
8729,-0.0012397286776511625
8730,0.0001652891513259161
8731,-0.0005529716593406091
8732,0.00006411586808589462
8733,0.0032592559401432722
8734,-0.0008770668460834866
8735,-0.0021627972690298923
8736,-0.004174907203686141
8737,-0.0013792957830835
8738,-0.0018532575356074402
8739,0.002891383066383599
8740,0.0026671520163830363
8741,0.0021051758081303768
8742,0.00046812373940807847
8743,0.0001981391885483285
8744,-0.00008176281590653383
8745,0.0015137972277128003
8746,0.0008452362491966487
8747,0.0006210365676968029
8748,0.0005854786902483929
8749,0.0004201136930728649
8750,0.0004585899695897345
8751,0.0005821381686865285
8752,0.000010024322812373482
8753,0.0005589227429582458
8754,-0.0008048246941168398
8755,0.0007189562297155937
8756,0.0001312893949989057
8757,0.0009394479421705624
8758,-0.0008814858662553207
8759,0.001657066016570737
8760,0.000995607666216209
8761,0.0005713991471118429
8762,0.0004688475896577301
8763,0.0006485307968001282
8764,0.00031134988599035036
8765,0.00055211817251298
8766,0.00046056892457036033
8767,0.0004862167970368901
8768,0.0005999044001440378
8769,0.0009001302312945797
8770,0.0009270895298314171
8771,0.00111284414441857
8772,0.000993717970818382
8773,0.0012082455552526285
8774,0.0011245484174109712
8775,0.0019872645861033177
8776,0.0011980189363744644
8777,0.0014583870741175405
8778,0.000916707410983858
8779,0.0005239237261609221
8780,0.0001924424449044138
8781,0.00028128549444731994
8782,0.0010150578065667316
8783,0.0008465475253582281
8784,-0.00005877929656208079
8785,0.00046109777803964025
8786,0.0005709967526931469
8787,-0.00019903219645269268
8788,0.0018000277047639712
8789,0.0005382371720401306
8790,0.00028457554389181203
8791,0.0013356595719287141
8792,0.0014058854707223326
8793,0.0014234982144978123
8794,0.0007929943067113599
8795,0.0005709583162852382
8796,0.0010258327822415126
8797,0.00037981751875347915
8798,0.0006690251309635977
8799,-0.0003329680027945275
8800,-0.0004195629998752302
8801,0.000876110966025895
8802,-0.00007654654341693692
8803,0.0002084089621549462
8804,0.000182685813514188
8805,0.00035424924325659244
8806,0.0005152623449996708
8807,0.0005780689576468612
8808,0.0014405160843511335
8809,0.0023597414754715352
8810,0.0024463433380607033
8811,0.0024231990693656096
8812,0.0023257013972033756
8813,0.0017602835713296623
8814,0.0019408170180616347
8815,0.0024511081820474748
8816,0.002895573618572465
8817,0.0027737942751929726
8818,0.0029947597124851204
8819,0.002715888097514712
8820,0.001888880396341775
8821,0.0022299453029089415
8822,0.0026243654598053457
8823,0.00334229362196445
8824,0.0023042387155815173
8825,0.002297368896723545
8826,0.001394435587178868
8827,0.0016754778464074054
8828,0.0020187448009733487
8829,0.0013650457937403827
8830,0.0009637840530030541
8831,0.0002728783688856703
8832,0.00017107711717322897
8833,0.0012441713617282516
8834,0.0009448399370703769
8835,0.0012336963425914234
8836,0.0006894558638106014
8837,0.0007977206870758296
8838,0.00023746057112169951
8839,-0.00021455278853656549
8840,-0.00030988697597725897
8841,0.0001619676561618903
8842,0.0008922969904235345
8843,0.0011219349134898673
8844,0.0037314952711291387
8845,0.0006455057958474971
8846,-0.0017371810243188286
8847,-8.547772901424961e-6
8848,-0.001419927202744383
8849,-0.0010122951860501877
8850,0.004365561837042099
8851,0.005509792416719868
8852,0.0011223391279810138
8853,0.0008640621246489987
8854,0.0000337365630094324
8855,-0.0006372036816401716
8856,0.0012110799419266347
8857,0.0029249342503836345
8858,0.0062775655033462975
8859,0.0035207530220932454
8860,-0.0033051488807558918
8861,0.006220203696368588
8862,0.0010220873702012129
8863,0.004298361565845505
8864,0.006050935963343035
8865,0.0004959379225724481
8866,0.004587410602220851
8867,0.0044657023006571
8868,-0.0015460221979465383
8869,0.002162547349652497
8870,0.0007330689893292614
8871,-0.00197716975970623
8872,0.0027028480156510706
8873,0.0023160919568581202
8874,-0.0005991465975962504
8875,0.005874300669333569
8876,-0.0051152951265357426
8877,-0.00004245498628593743
8878,0.0009701673984736665
8879,0.010751453275064257
8880,1.3707854402020336
8881,-0.021555545903709592
8882,-0.005209665319306388
8883,0.05838296023313411
8884,0.0006933256850506263
8885,-0.000624898320620248
8886,0.0015465579215746556
8887,0.0024513769716462677
8888,0.0029313921537082767
8889,0.00009071500370534135
8890,0.0025078613760367917
8891,-0.004246744296153914
8892,-0.0016820895684105165
8893,0.00011315754277820475
8894,0.002547219919262364
8895,0.002441407158180155
8896,0.0024848034004630423
8897,0.0027081877106980624
8898,0.0025193236308208985
8899,0.0022046725594192995
8900,0.0028671106357840443
8901,0.0021940894436356176
8902,-0.0002793539481191703
8903,-0.0008181845035280765
8904,0.00007894195059147302
8905,-0.0039029267043388036
8906,-0.0008527972554126989
8907,-0.000027255054794868644
8908,-0.0003067435014276699
8909,-0.0007265521687397056
8910,-3.5719945711126517e-6
8911,0.00033941119787974196
8912,0.0017375745571688085
8913,0.00006866719330210522
8914,0.0007278948839651648
8915,-0.0021977728674214213
8916,0.0005963862732051435
8917,-0.0004653293676686537
8918,-0.000039492167664855104
8919,-0.00045779948310759565
8920,-0.0007007488551389698
8921,-0.00018699477925055713
8922,0.0021570685109528393
8923,0.0020206423691557693
8924,0.009167997803649413
8925,0.0016258137100019078
8926,-0.000677307649501591
8927,-0.0016820740656628668
8928,0.0014841033907875166
8929,0.004032939994637433
8930,0.005638822919966778
8931,0.0011634230583921954
8932,0.006740396166289143
8933,0.0017122522648178905
8934,0.004337570802655787
8935,0.00007723774322541916
8936,-0.00574769018639008
8937,-0.0057843844552591525
8938,-0.004780857669375558
8939,0.0006469075874906583
8940,-0.002452178642607214
8941,0.001122971507756287
8942,0.0013422882175842857
8943,-0.000930981900535428
8944,-0.0013453852158710619
8945,-0.0021353389466127444
8946,-0.004716520481727579
8947,-0.004894876740201532
8948,-0.002795144986190707
8949,-0.0016011146098816563
8950,-0.002069557629432177
8951,-0.0017309728859822415
8952,-0.0015429624579307358
8953,-0.0022137939348396197
8954,-0.0016777669407704629
8955,0.0020463610258149973
8956,-0.0006113484896762174
8957,-0.0018338590402425443
8958,-0.000052077101058897995
8959,-0.002112304038639525
8960,-0.0016221581459401634
8961,0.001448237528957905
8962,-0.0013204212256729298
8963,0.0009244395744038514
8964,-0.00038880015960116997
8965,0.0006391193125021163
8966,-0.000380059415181273
8967,0.000661075355563485
8968,-0.0008374815532120685
8969,-0.000348174508908354
8970,-0.00019945508213391124
8971,-0.0001361254555618411
8972,-0.00014092858263048532
8973,0.0006008800177347886
8974,-0.00015698639409194394
8975,-0.0003250475676654195
8976,-0.002360128824457716
8977,0.0002493130768699009
8978,-0.0005099499246943401
8979,-0.0003436582788720236
8980,-0.000787395053216625
8981,0.0006667490183994636
8982,-0.00013567752027642075
8983,-0.00044304823326212395
8984,0.0008755805532123312
8985,0.0010100036832075086
8986,-0.00010473476633145553
8987,-0.00025089148550683454
8988,0.0002887848941010933
8989,0.0006117355662194209
8990,0.0002688614148955371
8991,0.000991566229717489
8992,-0.000971620166580661
8993,0.00008351806839257446
8994,0.0004988347671830138
8995,-0.00016875252779285585
8996,0.0008029084059909778
8997,-0.000017486317247583714
8998,0.00007158959464916519
8999,-0.000015438197602983344
9000,0.0000778467115626234
9001,0.00001806829952588927
9002,0.0005946279867790449
9003,0.00012257829782873003
9004,0.00041386285673008686
9005,0.00026452730263029444
9006,0.0000461277829866469
9007,0.0003084129695583432
9008,-0.0004051846544313349
9009,0.0000739862332828098
9010,0.0024186310288491753
9011,-0.002027134131828377
9012,0.00003976597230745399
9013,-0.0004250420701414512
9014,0.0011825681641483626
9015,0.00014519370058565322
9016,-0.0003728643290116149
9017,-0.00014558933163921268
9018,0.0008843720022085691
