date_id,y_true
7222,-0.004439757446892623
7223,-0.0003561872703542468
7224,-0.0021128082921256786
7225,-0.003082536893556642
7226,-0.0034020279752459137
7227,-0.002335114313295472
7228,0.001346585715981341
7229,0.002905736147876814
7230,-0.0001500966956593519
7231,0.005522337066716121
7232,-0.00022013342633775412
7233,-0.005686727228995325
7234,0.005033495931515697
7235,0.0006724356098675166
7236,0.0077106608096024765
7237,-0.0013067536753461617
7238,-0.0037152928226947823
7239,-0.0013211279304626844
7240,-0.003387173727398718
7241,0.002399859261412507
7242,-0.00029088816902334
7243,0.0030795503884122333
7244,-0.0009772062120644298
7245,0.00015375662346062136
7246,-0.008211130033864644
7247,-0.005992220603042275
7248,-0.0003950828682357521
7249,-0.00185432813286468
7250,-0.03205928218112908
7251,-0.022423633018549993
7252,0.013491339262088342
7253,-0.006014185320384335
7254,0.021468262514205527
7255,-0.00022025799815272862
7256,-0.014839953616935464
7257,-0.0009415602689045732
7258,-0.0048875402520622835
7259,-0.005489469605768349
7260,-0.030698194900275033
7261,0.017540810875583457
7262,-0.0179870636837276
7263,-0.0059397307187505355
7264,0.014419619876320233
7265,0.01028121332456755
7266,0.010242145584494766
7267,-0.006322278080700849
7268,0.005117679274385445
7269,0.005928806318873159
7270,0.021008637620292703
7271,-0.0022156911122078737
7272,-0.010168869603960795
7273,-0.019085667540327922
7274,-0.002271550767233066
7275,-0.0072368896718543185
7276,0.010035194242127288
7277,0.0021996379937376798
7278,-0.017314854353373654
7279,-0.018906706668013196
7280,0.0030057091728454832
7281,-0.00708127221508259
7282,0.01574183807933882
7283,0.002962081697866159
7284,0.022623097339489195
7285,-0.002586980181362053
7286,0.005694534332879586
7287,0.012841052726016544
7288,-0.032802398457164705
7289,-0.001920057691363053
7290,-0.02363872555024915
7291,0.0014949226293059503
7292,-0.00017437851878177035
7293,0.004633261109368458
7294,-0.0007423869659917148
7295,-0.01886772505896883
7296,-0.020021405264663228
7297,-0.0014983879507942666
7298,-0.015377728904122479
7299,-0.016680395279245697
7300,-0.020891372582147127
7301,-0.026824630906809976
7302,0.039333477450754106
7303,0.007273650642928953
7304,-0.0016925927540830665
7305,0.008357333700493408
7306,0.0006394607075403957
7307,-0.024265866132641367
7308,0.03309312749707738
7309,0.007481702903907594
7310,0.008992579757461261
7311,0.004269269009901544
7312,0.003123474872842591
7313,-0.00001727176586374668
7314,-0.006504083091126489
7315,0.011057642853626648
7316,0.0020162566115438096
7317,0.007183844432386621
7318,0.012907477813471901
7319,-0.013912874879020376
7320,0.0016899682275535177
7321,0.0001289512772684187
7322,0.008060591552985885
7323,-0.008001869458531985
7324,-0.001728860263655041
7325,0.01542788193868705
7326,0.00837926986262949
7327,0.00007958316072742555
7328,0.006633366903994631
7329,0.003789999796447896
7330,-0.0017210475240162504
7331,-0.009936038773663669
7332,0.0008190576859770093
7333,0.00015146760582829266
7334,0.012455733603142116
7335,0.0028433236174700838
7336,-0.0026220238368891424
7337,0.01049384783053875
7338,0.0013271164508557032
7339,0.0016120596902831075
7340,-0.003959973822674656
7341,0.005795620793913603
7342,0.0009569794494035389
7343,-0.0011197499353674534
7344,-0.000833788757546805
7345,-0.0022665314117675806
7346,0.0058397645780134955
7347,-0.004041237712048784
7348,-0.00176368393965054
7349,-0.006460885305837438
7350,-0.00877016309094103
7351,-0.002404395059579345
7352,0.014096960487029797
7353,0.0033672802109498967
7354,0.006214922325066707
7355,-0.0010439616227149173
7356,0.004536514900300048
7357,0.0032218537032306926
7358,-0.0001559953508107892
7359,-0.0034142914146993997
7360,0.010889841783470189
7361,-0.019651279331076688
7362,-0.0011563592251088162
7363,0.007049791784376813
7364,-0.005633666640433632
7365,0.003386996475292392
7366,0.005902194276517392
7367,0.011457342297528372
7368,0.00008800865642899502
7369,0.0011705325145081602
7370,0.0022499861849401004
7371,0.00443661487632907
7372,0.0003588446561186842
7373,-0.005527953616853987
7374,0.0030081010453637536
7375,-0.0006805455716902831
7376,0.006362555206416598
7377,-0.0010583426212972258
7378,0.0002525305468441541
7379,-0.0028503857412183198
7380,0.0015654904361057653
7381,0.0004588869318495892
7382,0.008588105316366557
7383,-0.002622901917639364
7384,-0.0010193059479898237
7385,0.004253594434552976
7386,0.0011647488032195952
7387,0.00010751752833293438
7388,-0.007919550793362706
7389,-0.002561883005442245
7390,0.00938441536784751
7391,-0.0045185552251056915
7392,-0.01710279750976329
7393,-0.0017923807901173427
7394,-0.0034293265010508778
7395,0.004620027896447221
7396,-0.02553349204221078
7397,0.008641144441191795
7398,0.005455104425548196
7399,0.00885887516395334
7400,-0.006867194196231274
7401,-0.007013689391161204
7402,0.008614386322586709
7403,-0.0034727709105581983
7404,-0.012619921233535725
7405,0.0018676752394639617
7406,-0.009700682604730337
7407,-0.007110955924239271
7408,0.0023305577247014764
7409,-0.013876463428965535
7410,-0.0029432350354412495
7411,0.021307010045520824
7412,0.008262124176516839
7413,0.0061025395086029555
7414,0.009608106262334104
7415,0.004191541676585198
7416,-0.0006398065883171933
7417,-0.002161856018483732
7418,0.0037310437086657267
7419,-0.001498528645165531
7420,-0.000013182967054103933
7421,0.010077158686178977
7422,0.0018620277070973135
7423,0.009161250789060382
7424,-0.0018455466815470167
7425,-0.0016152352054703556
7426,-0.010198872286876326
7427,-0.0013889689426204166
7428,0.0031536840296135793
7429,0.004753714571182455
7430,0.008688264880572616
7431,0.002213295626041445
7432,0.00760151960054567
7433,-0.0015327218891816319
7434,-0.0058902022886331284
7435,0.0008506107307528765
7436,0.004381953350029555
7437,0.0019507111327872195
7438,0.004084602991748065
7439,-0.00005932717876466764
7440,-0.003849854684620735
7441,-0.006965523775486204
7442,0.0032696385950345963
7443,-0.0059425963021083605
7444,0.0020671892708690187
7445,0.006760634091315998
7446,0.004311105792900172
7447,-0.005167529667235993
7448,0.006309242276826499
7449,-0.002212385221874613
7450,-0.002845461685010875
7451,-0.011329548442144621
7452,-0.00909716488808765
7453,-0.007919249029689546
7454,-0.030461838118446605
7455,0.013636305890454059
7456,0.0002027877426309388
7457,0.019232814169561685
7458,-0.00719860031813313
7459,-0.012559625497109095
7460,0.015166240221775373
7461,-0.029953880689474466
7462,0.0022574304185758454
7463,0.014372962861653127
7464,0.01166660162206612
7465,-0.008045167824813348
7466,0.007752585042107629
7467,-0.000693415044035639
7468,-0.02607357930152654
7469,0.010673511538952019
7470,-0.004309463613522357
7471,0.006655942076270183
7472,0.012387047979953936
7473,-0.0008302986718382588
7474,-0.006233010036924003
7475,0.010965514698903167
7476,0.012470850478305762
7477,0.00038743793984163943
7478,0.00011854162747249042
7479,-0.0006194678057912517
7480,0.006726845598248987
7481,0.0030792292653083475
7482,-0.0010486613338377415
7483,-0.003473820474391931
7484,0.0021461303541190357
7485,0.00021249141052215315
7486,-0.00045046236458401445
7487,-0.00510831504754139
7488,-0.0006173806591062148
7489,-0.008229211929783764
7490,0.005531835867435442
7491,-0.0024653000161692917
7492,-0.005766153287585896
7493,0.00425975976146975
7494,-0.012273867636087621
7495,-0.018042048482543316
7496,0.007816317620116253
7497,0.013157634063579726
7498,-0.004688971934585839
7499,-0.015899754840411617
7500,0.009122849528034438
7501,0.006389619696510307
7502,0.009993482740997539
7503,-0.001487152043383122
7504,0.009526980421826314
7505,-0.0019788247856762364
7506,0.0025761137806259438
7507,-0.004750623722999614
7508,0.006406067363034174
7509,-0.0036397075831126058
7510,0.0025371577837434156
7511,0.0012610391367591234
7512,0.0037215965102215254
7513,0.005263260202202691
7514,-0.0006687551775254041
7515,0.00269623322069501
7516,-0.003033076233376897
7517,0.008895937734001436
7518,0.003650282038592856
7519,-0.0014742534424641018
7520,-0.00014038584861264525
7521,0.0031481950416549775
7522,0.002097008222701424
7523,-0.0022784221798252124
7524,0.0017393279316650911
7525,-0.00004585124296629939
7526,0.0010863481328307056
7527,0.006866922287064314
7528,0.0003682956045851782
7529,-0.0006575139111975048
7530,-0.004087869995093585
7531,-0.0019780930909640837
7532,0.001854381828861662
7533,0.007380205419186492
7534,0.0018955022059066184
7535,0.004087427996612325
7536,-0.004078967416612067
7537,-0.008864412551222611
7538,-0.007075360569232747
7539,0.005800957872911239
7540,0.0014296112109259962
7541,0.008766066002425354
7542,-0.003511297062849472
7543,-0.0014833332542665278
7544,0.0024700649811344455
7545,0.008249655927656141
7546,0.0002303462097412723
7547,0.006500858454353331
7548,-0.00014977632731871804
7549,-0.0003058956181180017
7550,0.0037300181168868907
7551,0.004014791063748024
7552,0.001158384388891598
7553,-0.00033804280369975626
7554,0.004953693630985523
7555,-0.0006172115086919838
7556,-0.005882197256397492
7557,0.0020615513022472776
7558,0.008983214040843013
7559,-0.007940223291296844
7560,0.0034477726434607447
7561,-0.003179416509326627
7562,0.004962171598414056
7563,0.006412738241644567
7564,-0.0032455625429808066
7565,0.006509125182550646
7566,-0.0018929834115195554
7567,0.0018908993526693951
7568,0.007949166194762824
7569,0.002743757394046087
7570,-0.002327196968749057
7571,-0.000247521219046698
7572,0.0007781802800788107
7573,-0.009261923025934204
7574,-0.016397398669555252
7575,0.010110876855337958
7576,-0.0011947471354587513
7577,0.002876786671104803
7578,-0.01852693888954171
7579,0.007060125344421575
7580,0.014872197676052412
7581,0.011179264775254216
7582,0.002995897648407464
7583,-0.005698945661925525
7584,0.007097017529062999
7585,0.0013643324398409096
7586,0.006073471752122028
7587,-0.0014366136735916024
7588,0.00123229565580818
7589,-0.0029466965483342378
7590,0.004411600897976431
7591,-0.004477987495399849
7592,-0.010668057061575031
7593,-0.03353417649728041
7594,-0.030670046355062985
7595,-0.004045595323142415
7596,-0.039309640182901506
7597,-0.004565340685680708
7598,0.03928224983813711
7599,-0.028986992228603126
7600,0.039312159236400745
7601,-0.033577319929803284
7602,-0.016862777864787737
7603,-0.039452510557095866
7604,0.039427167273100805
7605,-0.03951150021377081
7606,-0.03962792628960232
7607,0.03964907071346091
7608,-0.03986031741689944
7609,0.039823455194631485
7610,-0.03992372936076205
7611,0.001818079557954544
7612,-0.03994649018836849
7613,-0.025874296392268015
7614,0.0399756969318068
7615,0.01466427061143838
7616,0.040020746443642174
7617,-0.030087584442465842
7618,0.03216981949079867
7619,-0.01521323686632281
7620,-0.04013180301585073
7621,0.022766424392897333
7622,-0.014763436723860823
7623,0.04012616460105645
7624,0.0007098634796589565
7625,0.03325647428977474
7626,0.014903431248706411
7627,-0.009445216805234913
7628,0.029177758785158048
7629,-0.021560978626601557
7630,0.004512241822703489
7631,0.026703541877272308
7632,-0.017928770533196747
7633,-0.030673543873695253
7634,0.021883697782251188
7635,-0.0003827140930612316
7636,0.01362739804039026
7637,0.014107133011072026
7638,-0.004909557057552694
7639,0.02586770738940425
7640,-0.009621284029947885
7641,-0.026783974600240956
7642,0.002446873807599781
7643,0.0089279847903605
7644,-0.007089970854724181
7645,0.011755180305742297
7646,0.016235408883038094
7647,-0.0001059880591618434
7648,-0.020243182866372944
7649,-0.01799800703555854
7650,0.011655567781792442
7651,0.004285213975384838
7652,0.030148333010264317
7653,-0.010582745427918372
7654,0.016676082718546814
7655,-0.007215947654276245
7656,0.0015874150542813936
7657,0.012008642959123073
7658,0.014566899118733323
7659,-0.0021579294828311113
7660,0.004142811892569265
7661,0.0037294294364325076
7662,0.007967782106965693
7663,0.012995271601057956
7664,-0.002939950997698948
7665,0.025316437061741137
7666,0.011774169033195392
7667,-0.007770345355977759
7668,-0.005893652518388248
7669,-0.04029905636532005
7670,0.011661868269850162
7671,0.00902227990284099
7672,0.0189341997256276
7673,-0.0044673452118753065
7674,0.00007177337398167616
7675,-0.006028106596728033
7676,0.006101979685388947
7677,0.004290735780203114
7678,-0.02582148987318067
7679,0.010407653677806827
7680,-0.024064280050406395
7681,0.014384693509316149
7682,0.012497311086422602
7683,0.006692244283139193
7684,0.00519433671280356
7685,0.015124481071126405
7686,-0.01062668700871583
7687,0.00733569916875898
7688,-0.006005733049031847
7689,0.009898204628521201
7690,-0.008971331355580148
7691,0.012646495329769802
7692,0.008874602723344394
7693,-0.0036059155175360846
7694,0.002587541585144848
7695,0.0077700145253398745
7696,0.0018157789199628738
7697,0.005380382976351905
7698,-0.01224356669933957
7699,-0.00675187399807109
7700,0.006980898819687997
7701,-0.00665367501705505
7702,0.0119874339064312
7703,-0.0038791588266091637
7704,0.007591365210952716
7705,0.0066413554917506
7706,0.0035519021847276733
7707,0.005900139374488633
7708,0.006373373793219672
7709,0.00040700099369095355
7710,0.0026779551833548965
7711,-0.008565666723327703
7712,0.013630959106825546
7713,-0.0021188750916663057
7714,-0.00028145773669241425
7715,0.0028656383800951257
7716,0.0018494937707396186
7717,-0.004474760851662651
7718,0.0028024555250592
7719,0.0032364133443760768
7720,0.009822200875726494
7721,0.003188513467676568
7722,0.009714628597247144
7723,0.0018755625858271063
7724,0.006148245594542523
7725,-0.003933813752075022
7726,0.009107421513913527
7727,0.014152625372461758
7728,-0.03472567029024776
7729,-0.008476040117375683
7730,-0.027634239707894914
7731,0.019435545051911918
7732,-0.017675113702157574
7733,0.00019759860477686075
7734,0.012859537128186771
7735,0.0047407483462054145
7736,-0.004279952673994392
7737,-0.00910637685782767
7738,-0.011823416691843502
7739,-0.011440235548953015
7740,0.009873877378134388
7741,-0.02350188327789715
7742,0.0023545655595185178
7743,0.01585587712493486
7744,0.01629832847205326
7745,-0.00575694790495429
7746,0.007271059084226428
7747,0.006108963564598335
7748,-0.009805274745227854
7749,0.017422193157364596
7750,-0.014526770109784537
7751,0.017095876786897612
7752,0.008551495358159134
7753,0.008619185798456552
7754,0.01577649956464544
7755,-0.006837264791999975
7756,-0.006594324653323547
7757,-0.0015472293646421331
7758,-0.0009154630663252838
7759,-0.015514479228982192
7760,0.0036947865622523057
7761,-0.002203791194538729
7762,0.005174423574834552
7763,0.0030841983633298486
7764,-0.018790803313458393
7765,-0.0037578054305438258
7766,-0.034489892648335685
7767,0.009852620168405712
7768,-0.010735726913185473
7769,0.010897575006764137
7770,0.01734511344342371
7771,0.022038250827961736
7772,0.01919197897529612
7773,-0.0005392597653548492
7774,0.012254839613140112
7775,-0.0017775506485735448
7776,0.007117595228698148
7777,-0.010011787840952469
7778,0.013533610252538297
7779,0.012171801384754488
7780,-0.005688715872209094
7781,-0.012345372001663968
7782,0.0038999301711024614
7783,-0.0071575211952856765
7784,0.005684487563782259
7785,0.015803651842241306
7786,-0.0018521138801117498
7787,0.0024744264761342727
7788,-0.004737439225764306
7789,0.010627163997446454
7790,0.00179326646299649
7791,-0.0005830797025401235
7792,0.008307189507122503
7793,-0.002365228049562851
7794,0.0026159771427209932
7795,-0.009278990419772648
7796,-0.000637350898947675
7797,-0.0014827661949333715
7798,-0.004787144583519254
7799,0.013209502885360491
7800,0.0012592671047291226
7801,0.005281581542542213
7802,-0.004303519974035441
7803,-0.0038861342203050375
7804,-0.001996066051415335
7805,0.0005881508497833643
7806,0.003579872316686661
7807,0.008280143585866373
7808,-0.0022184759456382874
7809,0.0011159575363384189
7810,0.0047705399695481265
7811,-0.013923731289489982
7812,0.006577448411782649
7813,0.005668065721604609
7814,0.014546806315679062
7815,0.0053871619926904035
7816,-0.007051048301805252
7817,-0.00009938789441610307
7818,0.002382483097560284
7819,-0.0038125775736392864
7820,-0.007603053346687538
7821,0.0075415656389881125
7822,0.013528395640229007
7823,0.0006013785848655306
7824,-0.0038496959751513904
7825,0.003633552780410776
7826,-0.0018710532819816716
7827,-0.024750389010803397
7828,0.008290360819041664
7829,-0.020329131310773962
7830,0.01633616272544436
7831,0.013830949574747287
7832,0.0004770331038725928
7833,0.011056684143328388
7834,0.0036275575486703904
7835,0.0069136628849713055
7836,-0.0009742241041389432
7837,-0.0007440461131261733
7838,0.0013061211015499286
7839,0.004630892311576984
7840,-0.001174765938691369
7841,-0.00007931749717848824
7842,-0.004564703563784023
7843,-0.0020745018579414465
7844,-0.008000247284125517
7845,0.0009058448956753562
7846,0.0107110258894767
7847,-0.02440440097167451
7848,-0.0054613502535808545
7849,0.023931459807716493
7850,-0.008112009193041447
7851,-0.01355434874774919
7852,-0.012683642790361271
7853,0.018087971614645815
7854,-0.0052871837649557385
7855,0.013968747233622292
7856,0.005916124638083664
7857,0.0098304937255842
7858,0.0010382529179853162
7859,0.005655329031419631
7860,-0.0015692484533014195
7861,0.003101937925114706
7862,-0.014857188748186978
7863,-0.002157648567917003
7864,0.007677680619958993
7865,-0.008178329958486663
7866,-0.005390963478737576
7867,0.005317488732025311
7868,0.01580693294375446
7869,-0.0008131034419829319
7870,-0.0029608138346193247
7871,0.0037455785105056094
7872,0.010491054210726158
7873,0.0140451834331492
7874,-0.0008986364460886742
7875,0.0008492658788059604
7876,0.0044389715969441745
7877,0.006962320972410119
7878,0.000056803200586541536
7879,0.0026560291475565823
7880,-0.0037230263350021
7881,0.0104344688449991
7882,0.003034764014700597
7883,-0.005220828728542237
7884,-0.007629623700849852
7885,0.009154187013596715
7886,-0.009441006466080148
7887,0.010534381727786535
7888,0.00177960526958576
7889,-0.0005232378679700389
7890,-0.0005949346390207166
7891,0.006065260409085171
7892,-0.006878013310248621
7893,0.0018491985498507724
7894,-0.006476923417863989
7895,5.059770021187404e-6
7896,0.00767774345863792
7897,0.006970195399527368
7898,-0.010210023966039983
7899,-0.009232050938367098
7900,-0.02155288856909765
7901,0.011704903909131481
7902,0.01504764135781711
7903,-0.002851854189274805
7904,-0.008923336904991253
7905,-0.0029292643552659703
7906,0.010450399169013247
7907,-0.0011262480683206233
7908,0.009886919878727696
7909,-0.0025261935362076438
7910,0.0016767808127020611
7911,0.0002173455373044586
7912,0.0014812145992608716
7913,-0.001188391693236257
7914,0.00126493828815466
7915,-0.004019297633171326
7916,0.008837903631503607
7917,-0.001278112510429641
7918,-0.00009495229446554454
7919,-0.0018002301855603031
7920,0.004340278661918884
7921,0.001344233658670424
7922,0.001930699339754316
7923,-0.002142100087042853
7924,-0.0058912299661020295
7925,-0.0006399961521788011
7926,-0.013798872488428482
7927,0.014007481394375798
7928,0.005037565466535998
7929,-0.0015139908910301036
7930,0.005606926792028011
7931,0.0032429708079591
7932,0.0017067584354462095
7933,0.00022901405306119393
7934,0.000532676370434082
7935,0.005227571800248132
7936,0.007334483943393089
7937,-0.0021303837942151516
7938,0.0032249242044717352
7939,-0.008457279442277255
7940,0.010365601515677447
7941,0.0032727906265714868
7942,-0.0037182205416690373
7943,0.001183193652356529
7944,-0.003724685494894242
7945,-0.008152520474101421
7946,-0.01507706685285981
7947,0.01402159036228734
7948,0.007787285475569838
7949,0.0017849859553062952
7950,0.009978936069140909
7951,0.002145745681403355
7952,-0.004866651580100245
7953,-0.0007190486359719417
7954,0.0038381581368271966
7955,-0.005165596438578723
7956,-0.002407048869533468
7957,0.007826433869036808
7958,-0.005227996983185101
7959,0.006023628955349247
7960,0.0013432471912033783
7961,-0.001122712059284936
7962,0.000934744273921595
7963,0.002175730538198195
7964,0.0026875443766865015
7965,0.0015106404361198145
7966,0.002045448727928667
7967,-0.00686508665801655
7968,-0.011254796540033363
7969,0.001238804801192206
7970,0.007647843451763725
7971,0.008487328981733988
7972,0.001278408250242391
7973,0.0017894227721004796
7974,-0.006212421412478908
7975,0.00863184169709208
7976,0.004088323157366736
7977,-0.0017905821378579878
7978,0.00022265789541675574
7979,0.002767749608544312
7980,-0.0005517589426543568
7981,-0.0038842611714769992
7982,-0.0015270031980536558
7983,-0.004589165379369153
7984,-0.008193371322552712
7985,0.0022503353142173665
7986,-0.005705303243569215
7987,0.008044027320751823
7988,-0.0018939796643192564
7989,-0.010049592203782098
7990,-0.016982848997272315
7991,-0.0012528430480439612
7992,0.009446630364177588
7993,0.011841574177229086
7994,0.0013388574401433928
7995,-0.0031693683308497977
7996,-0.020460145294252774
7997,0.0013746852770437634
7998,-0.012530980443989703
7999,0.011575499974289194
8000,-0.013204724874312457
8001,0.010096573770600692
8002,0.0038472510665170656
8003,0.00833663051555611
8004,-0.002132870490427874
8005,-0.007548990691111146
8006,-0.002770757759950948
8007,0.0032885846909573857
8008,0.01651159073702746
8009,0.007306986277434646
8010,0.0026513696487935334
8011,0.007405806407920101
8012,0.003618711909110006
8013,0.0022991192449843822
8014,-0.0013454117774661656
8015,0.005053381786045419
8016,0.0005906740960437418
8017,-0.0047395500883485875
8018,0.009339515528065556
8019,0.0017199162806966761
8020,0.0014108591086761102
8021,0.0037340914428642957
8022,0.005796182282594486
8023,0.0044034798590886215
8024,0.0031608857717702055
8025,0.0005448019969627182
8026,-0.0036142302681074767
8027,-0.008353777897366355
8028,0.00001440630985904967
8029,0.0072377099512186405
8030,0.000033379266873412305
8031,0.003648677285366997
8032,-0.0027381852221867176
8033,0.003087384478444477
8034,-0.0020975981307590486
8035,-0.0031241943802940986
8036,0.0010169694155410802
8037,0.002360820915946249
8038,-0.022612705009905087
8039,0.011957664871425022
8040,-0.019766530022658713
8041,-0.011416442348136546
8042,0.015007279901513293
8043,-0.00901018816411181
8044,0.011534189590186816
8045,0.020375912657120798
8046,0.0023383499643261363
8047,-0.007061313510634992
8048,0.009104193767887292
8049,-0.00916773004891036
8050,-0.0071892303323135565
8051,0.015316068042796838
8052,-0.009127461619610533
8053,-0.010951528763612495
8054,-0.010942070367622292
8055,0.0174500902923167
8056,0.0096892683124159
8057,0.0059123323936765
8058,0.0138425079150859
8059,-0.0011261999888396712
8060,0.0009700401473020648
8061,-0.0030734457932924952
8062,-0.0028287917373271965
8063,0.005481330762831638
8064,-0.0006444663462329414
8065,-0.019512518590705463
8066,-0.0012501537467729529
8067,-0.0042645454299697905
8068,-0.0015554420946688463
8069,0.008797445048550845
8070,0.002391816299108118
8071,-0.014090560204772395
8072,0.0000970636360515531
8073,-0.018021441238515457
8074,-0.010695931787349622
8075,-0.0113820323816064
8076,-0.01994462976062472
8077,0.003933007906968156
8078,-0.01252254813627185
8079,-0.0028232716327902807
8080,-0.005252699142888284
8081,0.02452038665457934
8082,0.017696718807819867
8083,0.00644233973890862
8084,0.009399124798315617
8085,-0.023819743623228917
8086,0.004387222583272177
8087,-0.003525552597797299
8088,0.007912099240547033
8089,0.014318304156099249
8090,-0.018283737189003446
8091,-0.020040808519161013
8092,-0.0035902214438634505
8093,0.015804804497293823
8094,0.0007982976553486676
8095,-0.021683317484315734
8096,-0.0067958965740240185
8097,-0.01105174657778596
8098,-0.01805907713946897
8099,0.014728061929631941
8100,0.02174456947336223
8101,-0.0028775374240899154
8102,-0.015549286072409685
8103,0.018076800192919906
8104,-0.005298728324103941
8105,-0.008444979211611914
8106,-0.02979884601456917
8107,-0.007901523002099564
8108,0.02648989837061455
8109,-0.004837189119705876
8110,-0.01303666962171035
8111,-0.0076298253104821745
8112,0.021667884336646237
8113,0.02184960748954823
8114,0.012188277307616513
8115,0.0106304979066425
8116,-0.0006143703777159448
8117,0.011377092662170574
8118,-0.013204352403461628
8119,0.014749310784988978
8120,0.004557416826628913
8121,0.006784964461389764
8122,0.012042490141358275
8123,-0.006502817379859915
8124,-0.015719294969004927
8125,0.0025075565721592863
8126,0.008238967951001763
8127,-0.012960324185629757
8128,-0.010331338331222906
8129,0.004705349542925452
8130,-0.003007998886868979
8131,-0.017426722579959475
8132,-0.004040147232279412
8133,0.0111182668506562
8134,-0.012788429392714296
8135,0.00007400559887460467
8136,0.015805106946874314
8137,-0.0010802755660909158
8138,-0.015293041110568284
8139,-0.027777829634735518
8140,0.005459720991539019
8141,-0.029299682426457863
8142,0.002473459495460517
8143,0.024919647042877857
8144,-0.03729493123282179
8145,0.005679338546311641
8146,0.004246101327380902
8147,0.030110043296406985
8148,-0.03588400463250996
8149,-0.006308497845014083
8150,-0.032356983301337294
8151,0.0019714045893337584
8152,-0.01622834272062923
8153,-0.0013865277440578971
8154,0.023563613245775272
8155,-0.004402377450387185
8156,0.020224030782282965
8157,-0.04036047677099264
8158,-0.0064716874942769564
8159,0.00009005800000383424
8160,0.01836260634982656
8161,-0.007980323431524883
8162,0.008486283863392341
8163,0.01963270723420596
8164,0.02420074606600342
8165,-0.005959303252230819
8166,-0.00843720018276306
8167,0.018691731701892422
8168,-0.01676321156341387
8169,0.0026924651913167175
8170,0.009237943038957086
8171,-0.011229044305690272
8172,-0.024139349760101236
8173,-0.029352782061582094
8174,-0.03832727155197835
8175,-0.003381630546710257
8176,0.01388007049654294
8177,-0.03346642761928775
8178,0.001789150297600406
8179,0.024804052424905354
8180,-0.0021806809084694567
8181,0.009434608588346105
8182,0.03142416938081993
8183,-0.004191879460117787
8184,-0.02080539827979133
8185,-0.0011893997060461459
8186,-0.008498194301004736
8187,0.010204584695515884
8188,0.0015161221672626013
8189,0.003003654890607166
8190,0.014596891699894199
8191,-0.0012038292794178673
8192,-0.011805762711675882
8193,-0.00923562013415602
8194,-0.005644361121337593
8195,-0.0028278114474736826
8196,0.01870539582903663
8197,-0.008655193742230782
8198,0.026620803269870263
8199,0.005968785076692962
8200,0.009778875135658893
8201,-0.009681105284139346
8202,0.0008131119074263893
8203,-0.012235365468633574
8204,0.025560785662878338
8205,0.012140969651523559
8206,0.014178981877309482
8207,-0.0033605976274343474
8208,-0.006996416956165041
8209,0.015255390837625393
8210,-0.0010795579659479415
8211,-0.002092658610266196
8212,-0.0015663702683570424
8213,-0.0043775160948604785
8214,0.02059494817687546
8215,-0.0004093606460136012
8216,0.016521760597135282
8217,0.0037135175483888894
8218,0.0015505786434431013
8219,-0.007508058217380098
8220,0.002495475038689854
8221,-0.013849425525733428
8222,-0.021234864454550584
8223,-0.002833673433857986
8224,0.0027878112762396157
8225,0.013701537912369277
8226,-0.034266938674125114
8227,-0.0070314443482912825
8228,-0.011398463354913901
8229,-0.00802983960899073
8230,0.0027152951375370993
8231,-0.010967181078043176
8232,-0.004194342652312555
8233,0.017542023498123616
8234,0.0061105983396054775
8235,0.01510865471667433
8236,0.010320902055978465
8237,-0.040475548681512485
8238,0.0033841091703024073
8239,-0.01178630041747697
8240,-0.008059645687991446
8241,0.007324823479030851
8242,-0.011909712778277681
8243,-0.01787748256550481
8244,-0.00883528207122708
8245,-0.017188179040320883
8246,-0.010326350431419162
8247,-0.0029879927161516884
8248,0.019240467507804393
8249,-0.021326524249315804
8250,-0.01590110969882952
8251,0.02596499662087881
8252,0.030551690953152022
8253,-0.002768631315779313
8254,-0.010756232180192948
8255,-0.028334985583717498
8256,-0.008074885586028424
8257,-0.006772596266767628
8258,-0.003741663019548813
8259,0.025940753325431887
8260,-0.02324284790519504
8261,0.02524279914619565
8262,0.011293961802384844
8263,-0.0075475604274575225
8264,-0.00884990927946161
8265,0.023836819284369648
8266,0.011773235739128252
8267,0.015502522689338383
8268,-0.00799881832598659
8269,-0.005806240307444255
8270,0.023324535749824404
8271,-0.00769125863239517
8272,-0.004844230260450888
8273,-0.025565937766431457
8274,-0.010767934241917243
8275,0.013921925339743568
8276,0.009095429524405896
8277,0.004926355844937724
8278,-0.021074375489386066
8279,0.040551076196261526
8280,0.0092060894438879
8281,-0.008979079845317539
8282,0.008056578760513133
8283,-0.008099742616776262
8284,-0.0035342215010866207
8285,0.004066393989356154
8286,-0.004111456761356602
8287,0.012983811810197032
8288,0.005828782345851602
8289,-0.0006985592664285889
8290,-0.016433545703826824
8291,-0.002194244105001686
8292,0.031022510740389198
8293,-0.001214708172609047
8294,-0.0016304754075072703
8295,-0.018465219504048336
8296,-0.014891147710448749
8297,-0.0021778366361812074
8298,0.007357386026984214
8299,-0.007945953825782337
8300,0.013940610289273847
8301,0.007093395346982279
8302,-0.006871547392741872
8303,-0.024939807107953516
8304,-0.012283723894555343
8305,-0.008955748759806648
8306,0.000893000456198445
8307,0.01447625399320529
8308,-0.014743098474818361
8309,0.005273957698429976
8310,-0.00442088578647859
8311,-0.012903841241070246
8312,0.01751685874874953
8313,-0.003115124538186853
8314,-0.004689682325982658
8315,0.0072399293450007285
8316,-0.011898696279221022
8317,0.022442438473812443
8318,-0.0010560238558674495
8319,0.006523117798541422
8320,0.012158508476046936
8321,0.003148570624810665
8322,0.003390492622575625
8323,-0.002320769907682041
8324,-0.01627710099115487
8325,-0.007771363140841481
8326,0.018137605574350513
8327,0.011507502635084599
8328,-0.0015651901426760872
8329,-0.00011731395022307467
8330,0.010497868224172757
8331,0.001805222989431643
8332,-0.013039358438938886
8333,0.014211225971485941
8334,0.010136218475247372
8335,0.014065478334585269
8336,-0.011119541010912504
8337,-0.006602705591956082
8338,0.012587637684569275
8339,-0.011426466488549503
8340,-0.009162726232361251
8341,0.0018386764583975257
8342,0.011243744014885593
8343,-0.0009560271907763651
8344,0.002752887141467042
8345,-0.014264693169238951
8346,-0.0029955112014440344
8347,-0.020558227799701845
8348,-0.0018756466922581483
8349,0.004820825038675203
8350,-0.011180528203985629
8351,0.002908672401099821
8352,-0.004192176742004006
8353,-0.004332523420814582
8354,0.00727744617199888
8355,0.01553821220959084
8356,0.00019322402117150084
8357,-0.01582809010038211
8358,0.0011299401356748007
8359,-0.018954691120068312
8360,-0.014933278556586327
8361,-0.0019258530904675553
8362,0.01603348643917779
8363,-0.006750450229908833
8364,0.017054858876530465
8365,-0.01218244875986041
8366,0.0091361594107644
8367,0.012643337992601644
8368,-0.017537034440135213
8369,0.0022110139027473608
8370,0.006072229848046229
8371,0.00137939971872858
8372,-0.002736680880021325
8373,0.014043066582601904
8374,0.0053603580748349255
8375,0.01359770865120069
8376,0.003316892987182296
8377,-0.006042778441384011
8378,-0.0031140822693750403
8379,0.0034022924172492086
8380,0.00052875174488487
8381,-0.00023578058505935306
8382,-0.004578382484376253
8383,0.012779047587609282
8384,-0.0029468671977158634
8385,0.00308294130817921
8386,0.00014680468571404148
8387,-0.0006776150104830236
8388,-0.005966503926788103
8389,0.000268778966185268
8390,0.0005366634857433272
8391,-0.01637832048968413
8392,-0.004742380051482087
8393,0.019397868221209258
8394,0.008023644529647322
8395,-0.0015168204522432172
8396,-0.011745485382371856
8397,-0.00737404909768824
8398,-0.007596009337619947
8399,0.017998858416312657
8400,-0.0002472542510781883
8401,-0.004899132283829544
8402,0.004159273329868096
8403,-0.002257617033353254
8404,-0.0018220237731847444
8405,0.002938158795067869
8406,-0.007193360833970264
8407,0.01162753546070805
8408,0.009118743550500907
8409,-0.0019697979769873752
8410,-0.00010835974340173138
8411,-0.011737542213645646
8412,-0.007759610961318053
8413,0.008141099067684898
8414,0.012433662039917914
8415,-0.00013400588840117855
8416,-0.0060610792667638025
8417,0.00897976744091511
8418,0.013941684702913015
8419,-0.0024360233159356204
8420,0.001660417094330846
8421,-0.003972820213072326
8422,0.0055318903707270994
8423,0.0012794753768463618
8424,0.008556699159044667
8425,0.006078475813431128
8426,0.0006772393356480055
8427,0.011883223039934387
8428,-0.003919954490853916
8429,-0.005702558044698214
8430,-0.005638088532030294
8431,0.0030928962901759505
8432,-0.008077249736287317
8433,-0.004603075409397861
8434,0.010445294209523448
8435,-0.000012438253714885938
8436,0.0034228733645627063
8437,0.011281955569854896
8438,0.0006334235415146328
8439,-0.002004010848862481
8440,-0.008349979974462407
8441,-0.003044487215767999
8442,0.002011870342280675
8443,0.0058492880592879715
8444,0.00752537003229925
8445,0.007416026970924028
8446,-0.0011439459784432504
8447,0.002952341730971808
8448,0.006909169810207061
8449,0.0017026641048052404
8450,-0.007156215840058544
8451,-0.0005218408047437118
8452,0.003945501908545923
8453,0.002207948485461353
8454,-0.0003682068488666257
8455,-0.0071514904116799505
8456,0.00926791499497348
8457,0.00138199813320794
8458,-0.003383287976132965
8459,-0.014431699784929974
8460,-0.003386608130160784
8461,-0.005044436078561865
8462,0.008206971359260296
8463,-0.004870542942397527
8464,-0.007208279945831619
8465,-0.0001640659195956129
8466,-0.0011058507230482517
8467,0.004997559131731721
8468,-0.012171258341937552
8469,-0.007860172618540995
8470,-0.008143295009809481
8471,-0.00004071592987220374
8472,0.005983415729756469
8473,-0.003231667500323221
8474,0.010615389541307696
8475,-0.01438225302718954
8476,0.006525576043415526
8477,0.005817389531352912
8478,0.013929728444335154
8479,0.0035957246766662454
8480,-0.001986941243583229
8481,0.0013421013266199378
8482,-0.004843959382737628
8483,-0.007244694368505167
8484,-0.0035940750613502326
8485,0.0009827331893939029
8486,0.006053184405284906
8487,-0.006009136302691731
8488,0.0006433188275054569
8489,0.008098796694769206
8490,-0.012572418755969372
8491,0.00006260462860008253
8492,-0.002597684679915724
8493,-0.009716420267827153
8494,-0.017052407461137897
8495,-0.0027725608817249503
8496,0.003680861973479166
8497,-0.015215656610622186
8498,-0.00012421091176262333
8499,0.0052729538937816844
8500,-0.002951104224075518
8501,-0.0009212107719519524
8502,-0.0139099783468829
8503,0.006757151104498593
8504,-0.00090227134956955
8505,0.011347430871718078
8506,0.005876241751527234
8507,0.004678883450992544
8508,0.003571814069055268
8509,-0.0066218353816811515
8510,-0.005506118120059411
8511,0.009996381811381738
8512,-0.000570684382210751
8513,-0.013850191398569911
8514,-0.009311695973605372
8515,-0.012812390849878508
8516,-0.0022567913484381474
8517,0.007015580346205308
8518,-0.014874809115522192
8519,-0.012498688675972147
8520,-0.005056414416307442
8521,0.011432146204695348
8522,0.005756418970956245
8523,0.01014057178490102
8524,0.01864060227330544
8525,0.008600636593217637
8526,0.0017790538529700584
8527,0.0023236243113908817
8528,0.00021006586289451512
8529,-0.008321337076226287
8530,0.01508216508286786
8531,-0.001475072719473447
8532,0.018878380550961138
8533,0.0015962174526960027
8534,0.000701116284416603
8535,0.0007223844050174844
8536,0.007176475037438568
8537,-0.002700459327618865
8538,0.003339722896223085
8539,0.00009327846677420482
8540,-0.0023224779281344476
8541,0.00046891275009319777
8542,-0.0012255154333798979
8543,0.003415881710729707
8544,0.005394645568860934
8545,-0.005769178352115323
8546,-0.0007176450824023517
8547,-0.004549721383956373
8548,0.007108942378185601
8549,0.003777933483024576
8550,0.003369006421198417
8551,0.00404621077359657
8552,0.01326915973554077
8553,0.002689034624203668
8554,-0.0021671461063188513
8555,0.005104227032589392
8556,0.0055599072972503105
8557,-0.014377544813212406
8558,0.008960971712332677
8559,0.001489342999518417
8560,0.0037026743389683148
8561,0.0012878186193485686
8562,-0.00014350310248667508
8563,-0.0034155618738459514
8564,-0.006115370991712443
8565,-0.008686953271153541
8566,-0.003742307903704556
8567,0.0008487202494915635
8568,0.013755544115420903
8569,-0.002037745139435554
8570,0.005135297913221537
8571,-0.0009612845234125977
8572,0.00017227628417715302
8573,-0.004191078813257976
8574,-0.006078637946905219
8575,0.008372421048451928
8576,0.01194628636900652
8577,0.0015951380444667596
8578,0.002396787856024929
8579,0.0005734764566054373
8580,0.004918711474416915
8581,-0.0017901830004610764
8582,0.0073996334985295675
8583,-0.0012935645816496422
8584,-0.01683712997717579
8585,0.01256802702292048
8586,0.010007209632972414
8587,-0.004161338781394797
8588,0.0023831993942780016
8589,0.007820173028370014
8590,-0.00007915834783989162
8591,0.005258407314277402
8592,-0.0009596562875280323
8593,-0.014294095674759144
8594,0.008566418960440192
8595,0.0063788963291036005
8596,-0.005500368897060515
8597,-0.006025866997925733
8598,0.00038563634214749953
8599,0.02017423139142105
8600,0.00016802454778019893
8601,-0.0041841411317777855
8602,0.0013358239895076007
8603,-0.0018425499518338606
8604,0.0030736379751947762
8605,0.008867376974407426
8606,-0.0015930448842732536
8607,-0.010514822155474834
8608,0.004547195141061611
8609,0.00940528825844944
8610,-0.006523122740307419
8611,-0.0013807614460348283
8612,0.01023591078567554
8613,-0.0020882666824840745
8614,-0.0024983151405224557
8615,-0.007387914267508067
8616,0.0054224477895903345
8617,0.0050357709956780905
8618,0.008728932438275327
8619,0.002783701827610452
8620,-0.002416630428510813
8621,-0.0032829959681680565
8622,-0.002366823386394268
8623,0.007883911213841799
8624,-0.0007115626423397359
8625,-0.0022599229765208895
8626,-0.006878572965229202
8627,0.000578640761346394
8628,-0.01272629933717262
8629,0.009927013214439562
8630,0.000039155563618997746
8631,0.0006361897851931975
8632,-0.01053271655164123
8633,0.007025317198536385
8634,-0.014324512975707804
8635,-0.013048952330025565
8636,-0.0023445497951283256
8637,-0.006438359688101136
8638,-0.0025795058954367622
8639,-0.00925011686494992
8640,0.008688537861433199
8641,0.011345137786676007
8642,-0.0009944655814001502
8643,-0.0043209748440701246
8644,0.008951928402815668
8645,0.0030200585285922177
8646,-0.01636278109657341
8647,-0.0037685256910583442
8648,0.008831476814360473
8649,0.011873776003348047
8650,0.009805697689514226
8651,0.0005820279608406143
8652,-0.00042469883137230546
8653,0.005240759432225461
8654,0.000766719501403168
8655,-0.00038714100587056155
8656,0.0040672401589931795
8657,0.011862085763858055
8658,-0.002579016869326045
8659,0.0009159881227898126
8660,0.0006308099666421096
8661,0.0019311482333521646
8662,-0.0034003754573335154
8663,-0.007826205460995772
8664,0.006094631915800619
8665,0.0001772411373555105
8666,-0.00752429567574886
8667,-0.007155695497886194
8668,0.008586083239372044
8669,0.0002936211979449599
8670,0.0005961337771767106
8671,0.011363982466133793
8672,-0.0005402621473863389
8673,-0.0017370467447942461
8674,0.0025687070742519413
8675,0.0018874627800373744
8676,0.007692666794533842
8677,0.001492368711498937
8678,0.00008761348961772164
8679,0.0074381769635247785
8680,0.002019645675742865
8681,-0.0032374216733294103
8682,-0.0018611196464262125
8683,-0.003770652313745737
8684,0.0033312520527377654
8685,0.0007286398496553215
8686,0.001055840080051773
8687,-0.004455490438295184
8688,0.0015380711564103589
8689,0.006209754998487194
8690,0.003942126140558999
8691,0.005245499228301309
8692,0.0006331918182815865
8693,0.00045190747662049446
8694,0.009375421266526685
8695,-0.009142992532286565
8696,0.005788211133705312
8697,0.0022310575840738256
8698,0.005411472769831782
8699,-0.014540113445866476
8700,-0.008203963923088975
8701,-0.007159697717101565
8702,0.0097909533037297
8703,-0.002087103831302506
8704,-0.02318013098043592
8705,-0.005728540395861015
8706,0.01068169547804132
8707,0.00007041911607674756
8708,-0.0055835579054127615
8709,0.01573757734391612
8710,-0.014678069615734812
8711,-0.01913427849947069
8712,-0.02963641258545502
8713,0.008705362983824516
8714,-0.007197680338160706
8715,0.022602688781727
8716,0.0038953493378004467
8717,0.000011295066755900862
8718,0.015931588214805892
8719,0.0026418999218909
8720,0.016626381144045244
8721,0.001727487785261106
8722,0.00904729023792572
8723,-0.002139631907873585
8724,0.002924009854303522
8725,-0.008360032403925244
8726,0.010113121957552762
8727,-0.0028947420688968384
8728,0.0008622459520217785
8729,-0.00631507364672268
8730,-0.0004204379893063548
8731,0.009035396827196784
8732,-0.02108932141636155
8733,-0.0025570423642909956
8734,-0.0029410590971318262
8735,-0.017338262199087406
8736,0.010688379000145076
8737,0.003849108717959293
8738,0.009754751311665588
8739,0.007917308641773202
8740,0.004718439990935908
8741,0.0009757789952558049
8742,-0.00009167521693054237
8743,-0.0034656329763580462
8744,0.016568569413450085
8745,-0.0022230867949371014
8746,0.0020067895854816165
8747,0.0023707584295074025
8748,-0.002695650494345836
8749,0.00347409094794382
8750,-0.0019408117632463417
8751,0.0035171702813077133
8752,-0.009449083889390475
8753,-0.00006665525573634756
8754,-0.002317749045342987
8755,0.00859818889032593
8756,-0.009530923026523697
8757,0.008965774180513808
8758,0.006435396223442691
8759,-0.0022420081755967214
8760,0.0054966688895770055
8761,0.007687380155582568
8762,-0.008260671159083244
8763,0.0038557464785802242
8764,-0.0004048989845292228
8765,0.0033550242102438066
8766,-0.002133259382612551
8767,-0.0010220112053541675
8768,-0.009628331398910506
8769,0.0016715050355140537
8770,-0.0008358034931276181
8771,0.0026000463104915994
8772,0.0011280488122991095
8773,-0.0035148017538505494
8774,-0.02009212565029539
8775,0.003732942164571096
8776,-0.002640011685541954
8777,0.011604905077985617
8778,0.02437842864286699
8779,0.007244867781452724
8780,0.003844344812023781
8781,0.00046592646785792446
8782,-0.003593367875211917
8783,-1.2909553820383834e-6
8784,-0.0069159392592179625
8785,-0.013295564948510807
8786,0.003611676635618677
8787,0.0031690939767319293
8788,-0.0001479386364523494
8789,0.004881090309188485
8790,0.002611833598419988
8791,0.0029045866465933212
8792,0.004734571141634447
8793,-0.0035154868231068725
8794,0.005726411691183042
8795,0.0013069502205051986
8796,-0.000020623246862583322
8797,0.005725642078147963
8798,-0.0021298391245553328
8799,0.0014119787295172603
8800,-0.0056311628853552564
8801,-0.0035907922474445186
8802,0.007249987889566878
8803,-0.005632979154674533
8804,-0.0006776895314646314
8805,0.0037911818802942587
8806,-0.00459836647528622
8807,-0.030282634264392927
8808,-0.0007865754982997464
8809,0.011531820041045693
8810,0.005509574304264797
8811,0.010636404324278148
8812,-0.0004117984018711107
8813,-0.011005307895375238
8814,-0.01188858034275686
8815,-0.004115288597874467
8816,-0.0029356329151863925
8817,0.012025119759821568
8818,0.005282891905171727
8819,-0.011781790808217618
8820,0.00098267884811154
8821,-0.015745755431214148
8822,0.0010716608269301098
8823,0.0008972788657182207
8824,0.017711700386339624
8825,-0.00240125644044209
8826,0.00956189761783377
8827,0.008675673795919492
8828,0.005143428855671095
8829,0.004979349686666135
8830,-0.003397839789940682
8831,-0.014623676540961084
8832,0.008114649440052801
8833,-0.0049603117592789125
8834,0.004889539799433074
8835,-0.005799441801270455
8836,-0.007207007114011343
8837,0.006230559834410787
8838,0.0035761939079876903
8839,0.0029969247745356142
8840,-0.009632399215892762
8841,0.006312118235939801
8842,0.00028117045604814095
8843,-0.0037001401677978496
8844,0.010078401949532578
8845,-0.000527915822771452
8846,0.0024573427044090046
8847,0.0018762929223721247
8848,-0.004639181341488441
8849,-0.017582606602183137
8850,-0.0050284902620506555
8851,-0.00545073167146759
8852,0.0000275334513857306
8853,-0.016439832403427723
8854,0.01512761153542419
8855,-0.01799777233355293
8856,-0.012314662652555208
8857,0.010270425580178877
8858,-0.018229392651244347
8859,0.0051269392994279794
8860,-0.027113679021243065
8861,-0.008790012911190415
8862,0.00482920593190217
8863,-0.013808481837611186
8864,0.020177868980445046
8865,0.007233576089215488
8866,-0.011285931533080329
8867,0.010413544460301294
8868,-0.003369582049707387
8869,-0.00014779824225574778
8870,0.017430893320953267
8871,0.0019264259059088573
8872,-0.012415382056653823
8873,-0.0031335012803646034
8874,-0.020616041354797332
8875,0.006235008419841259
8876,0.002346696153123551
8877,0.005850598420295006
8878,-0.04040326242113679
8879,-0.04044386331716188
8880,-0.0022569677783899067
8881,-0.01613926975446156
8882,0.04054359732174451
8883,-0.04058191374592346
8884,0.017364338261650625
8885,0.009223016721591648
8886,-0.003278876144366283
8887,-0.022705941295048215
8888,0.000948456767821293
8889,-0.024281187128591952
8890,0.02553901366215916
8891,0.015017361036736343
8892,0.020570368852578014
8893,0.006747309809265856
8894,-0.00009635530929574809
8895,0.005821852019580964
8896,-0.00008043042000605016
8897,0.006609455373776552
8898,0.01436644167843193
8899,-0.006212896654745115
8900,-0.008836753751746418
8901,0.003727305781731305
8902,0.006488997118452744
8903,-0.0017532202660752727
8904,0.03256859698082559
8905,0.0061226888576879634
8906,0.0007970160524513048
8907,0.004402953919493635
8908,0.0058537910301863505
8909,0.0006144360596647136
8910,-0.0038417471600350472
8911,-0.017329662087289033
8912,-0.00008494928053726092
8913,-0.007305136432022352
8914,0.020311174679991106
8915,-0.006263432431187876
8916,0.0034682483773107453
8917,-0.0015980845252897558
8918,0.005153573871886641
8919,0.005223374615582754
8920,-0.0007472725415650361
8921,-0.005312337329606676
8922,0.009789619652811554
8923,0.0004218200798551397
8924,0.005189825987133467
8925,-0.0033314980741729894
8926,0.0034941547061970724
8927,-0.01166068731722325
8928,0.00903425028267213
8929,-0.009025335129886458
8930,-0.0006289608268655877
8931,-0.0028273973547759956
8932,0.009399463572915767
8933,0.010570659290470408
8934,0.00008384328409993813
8935,0.007346221246219642
8936,0.004490074513143094
8937,0.0043033585908704985
8938,-0.0008014090483072778
8939,0.004054351893771679
8940,0.007402234028294652
8941,-0.007932036946043053
8942,-0.0010275477385621734
8943,0.005516827025263238
8944,0.0023398651244024293
8945,-0.003995434965141764
8946,0.001428943958871276
8947,-0.00475264782417284
8948,0.002864033528012566
8949,0.005640288566107765
8950,-0.0012119726735559944
8951,0.0014170063979397352
8952,-0.0003358034110643171
8953,0.008029117135020192
8954,-0.00014874400752862282
8955,0.003744283730952702
8956,-0.0007310224244589936
8957,-0.003117062993821529
8958,-0.001738695472298879
8959,-0.004230776601664266
8960,-0.016869865587120114
8961,0.014723066468626644
8962,-0.005545810104954807
8963,0.007184240927309737
8964,-0.001312811510478129
8965,0.00732202112543745
8966,-0.0024530341606866513
8967,0.010170235735282418
8968,0.002948263490150538
8969,-0.0003810715230623263
8970,-0.002815869474371069
8971,-0.0006921276587370517
8972,-0.005900087605095972
8973,-0.0031309629464731925
8974,-0.004486263688679548
8975,0.014865722227463074
8976,-0.004858973306791414
8977,0.0037131568696580075
8978,0.0018054851808366745
8979,0.0030684383816803606
8980,-0.0064367348560564475
8981,-0.00788195241107914
8982,0.004948755742818944
8983,0.007886586445536192
8984,-0.003365390973763649
8985,0.001990347253364888
8986,0.0018450168077621676
8987,0.002424003198569391
8988,0.007842873966985797
8989,-0.00036816769828562634
8990,0.0048555699926498
8991,-0.0018439960821418078
8992,-0.0017080943763123635
8993,0.004206305693342127
8994,0.0017079167547313645
8995,0.004265057655967075
8996,-0.0059086397225094345
8997,-0.003646055079832955
8998,-0.00507919305023985
8999,0.005262675429844599
9000,0.002344932340505146
9001,0.0033011895957959503
9002,0.0029426228875175653
9003,0.000687173086983961
9004,-0.0004801843316536436
9005,0.0031207155225112526
9006,-0.004172682924226345
9007,0.005498925502740226
9008,-0.0033618333225624575
9009,-0.027493466829161983
9010,0.01487883219217867
9011,-0.001686907156625006
9012,0.0039747123408262475
9013,-0.007275840185296256
9014,0.005211393743564052
9015,0.009936367475559926
9016,-0.00047739200025020967
9017,-0.005661127352895701
9018,0.005467241067070194
